CREATE DATABASE  IF NOT EXISTS `books_shop_online` /*!40100 DEFAULT CHARACTER SET utf8mb4 COLLATE utf8mb4_0900_ai_ci */ /*!80016 DEFAULT ENCRYPTION='N' */;
USE `books_shop_online`;
-- MySQL dump 10.13  Distrib 8.0.33, for Win64 (x86_64)
--
-- Host: localhost    Database: books_shop_online
-- ------------------------------------------------------
-- Server version	8.0.33

/*!40101 SET @OLD_CHARACTER_SET_CLIENT=@@CHARACTER_SET_CLIENT */;
/*!40101 SET @OLD_CHARACTER_SET_RESULTS=@@CHARACTER_SET_RESULTS */;
/*!40101 SET @OLD_COLLATION_CONNECTION=@@COLLATION_CONNECTION */;
/*!50503 SET NAMES utf8 */;
/*!40103 SET @OLD_TIME_ZONE=@@TIME_ZONE */;
/*!40103 SET TIME_ZONE='+00:00' */;
/*!40014 SET @OLD_UNIQUE_CHECKS=@@UNIQUE_CHECKS, UNIQUE_CHECKS=0 */;
/*!40014 SET @OLD_FOREIGN_KEY_CHECKS=@@FOREIGN_KEY_CHECKS, FOREIGN_KEY_CHECKS=0 */;
/*!40101 SET @OLD_SQL_MODE=@@SQL_MODE, SQL_MODE='NO_AUTO_VALUE_ON_ZERO' */;
/*!40111 SET @OLD_SQL_NOTES=@@SQL_NOTES, SQL_NOTES=0 */;

--
-- Table structure for table `blog`
--

DROP TABLE IF EXISTS `blog`;
/*!40101 SET @saved_cs_client     = @@character_set_client */;
/*!50503 SET character_set_client = utf8mb4 */;
CREATE TABLE `blog` (
  `blog_id` int NOT NULL AUTO_INCREMENT,
  `title` text,
  `author_id` int DEFAULT NULL,
  `updated_date` timestamp NOT NULL DEFAULT CURRENT_TIMESTAMP,
  `content` text,
  `thumbnail` text,
  `brief_infor` text,
  `categoryBlog_id` int DEFAULT NULL,
  `status` bit(1) DEFAULT NULL,
  PRIMARY KEY (`blog_id`),
  KEY `fk_categoryBlog` (`categoryBlog_id`),
  CONSTRAINT `fk_categoryBlog` FOREIGN KEY (`categoryBlog_id`) REFERENCES `category_blog` (`categoryBlog_id`)
) ENGINE=InnoDB AUTO_INCREMENT=18 DEFAULT CHARSET=utf8mb4 COLLATE=utf8mb4_0900_ai_ci;
/*!40101 SET character_set_client = @saved_cs_client */;

--
-- Dumping data for table `blog`
--

LOCK TABLES `blog` WRITE;
/*!40000 ALTER TABLE `blog` DISABLE KEYS */;
INSERT INTO `blog` VALUES (1,'Wibu là gì? Weeaboo là gì? Sự khác nhau giữa Wibu và Otaku?',1,'2023-05-25 17:00:00','<div class=\"\" rel-script=\"blog-detail\"><p dir=\"ltr\" style=\"text-align: justify; background-color: rgb(255, 255, 255); padding: 0pt 0pt 10pt;\"><strong id=\"docs-internal-guid-c930c8a1-7fff-7984-3233-03a29a8a721d\" style=\"font-weight: normal;\"><span style=\"color: rgb(0, 0, 0); background-color: transparent; font-weight: bold; font-style: normal; font-variant: normal; text-decoration: none; vertical-align: baseline; white-space: pre-wrap;\">Wibu là gì</span><span style=\"color: rgb(0, 0, 0); background-color: transparent; font-weight: 400; font-style: normal; font-variant: normal; text-decoration: none; vertical-align: baseline; white-space: pre-wrap;\">? Trên thực tế Wibu được sử dụng khá nhiều và được biết đến rộng rãi trên các mạng xã hội. Nhưng không phải ai cũng hiểu rõ được Wibu nghĩa là gì? Theo đó, tại bài viết dưới đây, </span><a style=\"text-decoration: none;\" title=\"Coolmate\" href=\"https://www.coolmate.me/\" target=\"_blank\" rel=\"noopener\"><span style=\"color: rgb(0, 0, 0); background-color: transparent; font-weight: 400; font-style: normal; font-variant: normal; text-decoration: underline; text-decoration-skip-ink: none; vertical-align: baseline; white-space: pre-wrap;\">Coolmate</span></a><span style=\"color: rgb(0, 0, 0); background-color: transparent; font-weight: 400; font-style: normal; font-variant: normal; text-decoration: none; vertical-align: baseline; white-space: pre-wrap;\"> sẽ giúp bạn tìm hiểu đầy đủ và chi tiết nhất và từ ngữ này.</span></strong></p> <h2 dir=\"ltr\" style=\"line-height: 1.7999999999999998; text-align: justify; background-color: #ffffff; margin-top: 0pt; margin-bottom: 0pt; padding: 0pt 0pt 10pt 0pt;\" id=\"b-heading-H2-1\"><strong><span style=\"color: rgb(0, 0, 0); background-color: transparent; font-style: normal; font-variant: normal; text-decoration: none; vertical-align: baseline; white-space: pre-wrap;\">1. Wibu là gì?</span></strong></h2> <p dir=\"ltr\" style=\"text-align: justify; background-color: rgb(255, 255, 255); padding: 0pt 0pt 10pt;\"><strong id=\"docs-internal-guid-c930c8a1-7fff-7984-3233-03a29a8a721d\" style=\"font-weight: normal;\"><span style=\"color: rgb(0, 0, 0); background-color: transparent; font-weight: 400; font-style: normal; font-variant: normal; text-decoration: none; vertical-align: baseline; white-space: pre-wrap;\"><span style=\"border: none; overflow: hidden; width: 600px; height: 450px;\"><img style=\"display: block; margin-left: auto; margin-right: auto;\" src=\"https://mcdn.coolmate.me/image/May2022/wibu-la-gi-weeaboo-la-gi-su-khac-nhau-giua-wibu-va-otaku_979.jpg\" alt=\"Wibu là gì?\" width=\"600\"></span></span></strong></p> <p dir=\"ltr\" style=\"text-align: center; background-color: rgb(255, 255, 255); padding: 0pt 0pt 10pt;\"><strong id=\"docs-internal-guid-c930c8a1-7fff-7984-3233-03a29a8a721d\" style=\"font-weight: normal;\"><span style=\"color: rgb(0, 0, 0); background-color: transparent; font-weight: 400; font-style: italic; font-variant: normal; text-decoration: none; vertical-align: baseline; white-space: pre-wrap;\">Wibu là gì?</span></strong></p> <p dir=\"ltr\" style=\"text-align: justify; background-color: rgb(255, 255, 255); padding: 0pt 0pt 10pt;\"><strong id=\"docs-internal-guid-c930c8a1-7fff-7984-3233-03a29a8a721d\" style=\"font-weight: normal;\"><span style=\"color: rgb(0, 0, 0); background-color: transparent; font-weight: 400; font-style: normal; font-variant: normal; text-decoration: none; vertical-align: baseline; white-space: pre-wrap;\"><strong>Wibu là gì?</strong> Trên thực tế thì Wibu là từ được cộng đồng người dùng mạng xã hội Việt Nam chỉ những người không mang quốc tịch Nhật Bản nhưng lại bị ảnh hưởng quá nhiều bởi văn hóa Nhật Bản. Việc ảnh hưởng đó đến từ manga, anime hay light novel.</span></strong></p> <p dir=\"ltr\" style=\"text-align: justify; background-color: rgb(255, 255, 255); padding: 0pt 0pt 10pt;\"><strong id=\"docs-internal-guid-c930c8a1-7fff-7984-3233-03a29a8a721d\" style=\"font-weight: normal;\"><span style=\"color: rgb(0, 0, 0); background-color: transparent; font-weight: 400; font-style: normal; font-variant: normal; text-decoration: none; vertical-align: baseline; white-space: pre-wrap;\"><span style=\"border: none; overflow: hidden; width: 600px; height: 405px;\"><img style=\"display: block; margin-left: auto; margin-right: auto;\" src=\"https://mcdn.coolmate.me/image/May2022/wibu-la-gi-weeaboo-la-gi-su-khac-nhau-giua-wibu-va-otaku_631.jpg\" alt=\"Từ ngữ dùng để ám chỉ những người quá “cuồng” manga, anime\" width=\"600\"></span></span></strong></p> <p dir=\"ltr\" style=\"text-align: center; background-color: rgb(255, 255, 255); padding: 0pt 0pt 10pt;\"><strong id=\"docs-internal-guid-c930c8a1-7fff-7984-3233-03a29a8a721d\" style=\"font-weight: normal;\"><span style=\"color: rgb(0, 0, 0); background-color: transparent; font-weight: 400; font-style: italic; font-variant: normal; text-decoration: none; vertical-align: baseline; white-space: pre-wrap;\">Từ ngữ dùng để ám chỉ những người quá “cuồng” manga, anime</span></strong></p> <p dir=\"ltr\" style=\"text-align: justify; background-color: rgb(255, 255, 255); padding: 0pt 0pt 10pt;\"><strong id=\"docs-internal-guid-c930c8a1-7fff-7984-3233-03a29a8a721d\" style=\"font-weight: normal;\"><span style=\"color: rgb(0, 0, 0); background-color: transparent; font-weight: 400; font-style: normal; font-variant: normal; text-decoration: none; vertical-align: baseline; white-space: pre-wrap;\">Được xuất phát từ Weeaboo (từ gốc), Wibu được lược giản lại để sử dụng dễ dàng hơn. Ngày nay, wibu được dùng để ám chỉ những người không hiểu về văn hóa Nhật Bản nhưng lại thích thể hiện bản thân mình với mọi người xung quanh.</span></strong></p> <p dir=\"ltr\" style=\"text-align: justify; background-color: rgb(255, 255, 255); padding: 0pt 0pt 10pt;\"><strong id=\"docs-internal-guid-c930c8a1-7fff-7984-3233-03a29a8a721d\" style=\"font-weight: normal;\"><span style=\"color: rgb(0, 0, 0); background-color: transparent; font-weight: 400; font-style: normal; font-variant: normal; text-decoration: none; vertical-align: baseline; white-space: pre-wrap;\">Nói tóm lại, sau khi hiểu được <strong>Wibu có nghĩa là gì</strong> ta hiểu được rằng Wibu và Weeaboo thực chất là một từ với cùng một ý nghĩa. </span></strong></p> <h2 dir=\"ltr\" style=\"line-height: 1.7999999999999998; text-align: justify; background-color: #ffffff; margin-top: 0pt; margin-bottom: 0pt; padding: 0pt 0pt 10pt 0pt;\" id=\"b-heading-H2-2\"><strong id=\"docs-internal-guid-c930c8a1-7fff-7984-3233-03a29a8a721d\" style=\"font-weight: normal;\"><span style=\"color: rgb(0, 0, 0); background-color: transparent; font-weight: bold; font-style: normal; font-variant: normal; text-decoration: none; vertical-align: baseline; white-space: pre-wrap;\">2. Wibu có xuất phát từ đâu?</span></strong></h2> <p dir=\"ltr\" style=\"text-align: justify; background-color: rgb(255, 255, 255); padding: 0pt 0pt 10pt;\"><strong id=\"docs-internal-guid-c930c8a1-7fff-7984-3233-03a29a8a721d\" style=\"font-weight: normal;\"><span style=\"color: rgb(0, 0, 0); background-color: transparent; font-weight: 400; font-style: normal; font-variant: normal; text-decoration: none; vertical-align: baseline; white-space: pre-wrap;\">Tiền thân của từ Wibu chính là từ Wapanese. Từ này là sự kết hợp giữa các cụm từ bao gồm white, wannabe và Japanese. Cụm từ này bắt đầu xuất hiện trên trang web 4chan vào khoảng đầu những năm 2000 và nhanh chóng được phổ biến rộng rãi.</span></strong></p> <p dir=\"ltr\" style=\"text-align: justify; background-color: rgb(255, 255, 255); padding: 0pt 0pt 10pt;\"><strong id=\"docs-internal-guid-c930c8a1-7fff-7984-3233-03a29a8a721d\" style=\"font-weight: normal;\"><span style=\"color: rgb(0, 0, 0); background-color: transparent; font-weight: 400; font-style: normal; font-variant: normal; text-decoration: none; vertical-align: baseline; white-space: pre-wrap;\"><span style=\"border: none; overflow: hidden; width: 600px; height: 347px;\"><img style=\"display: block; margin-left: auto; margin-right: auto;\" src=\"https://mcdn.coolmate.me/image/May2022/wibu-la-gi-weeaboo-la-gi-su-khac-nhau-giua-wibu-va-otaku_278.jpg\" alt=\"wibu-la-gi-weeaboo-la-gi-su-khac-nhau-giua-wibu-va-otaku\"></span></span></strong></p> <p dir=\"ltr\" style=\"text-align: center; background-color: rgb(255, 255, 255); padding: 0pt 0pt 10pt;\"><strong id=\"docs-internal-guid-c930c8a1-7fff-7984-3233-03a29a8a721d\" style=\"font-weight: normal;\"><span style=\"color: rgb(0, 0, 0); background-color: transparent; font-weight: 400; font-style: italic; font-variant: normal; text-decoration: none; vertical-align: baseline; white-space: pre-wrap;\">Wibu (Wapanese) - Những người quá đam mê văn hóa Nhật Bản</span></strong></p> <p dir=\"ltr\" style=\"text-align: justify; background-color: rgb(255, 255, 255); padding: 0pt 0pt 10pt;\"><strong id=\"docs-internal-guid-c930c8a1-7fff-7984-3233-03a29a8a721d\" style=\"font-weight: normal;\"><span style=\"color: rgb(0, 0, 0); background-color: transparent; font-weight: 400; font-style: normal; font-variant: normal; text-decoration: none; vertical-align: baseline; white-space: pre-wrap;\">Wapanese đầu tiên được dùng để miệt thị những người phương Tây yêu thích văn hóa Nhật Bản quá mức. Đặc biệt là những người cuồng <a title=\"manga\" href=\"https://www.coolmate.me/post/manhwa-la-gi-manga-la-gi-manhua-la-gi-phan-biet\" target=\"_blank\" rel=\"noopener\">manga</a>, <a title=\"anime\" href=\"https://www.coolmate.me/post/anime-la-gi-top-the-loai-anime-duoc-yeu-thich\" target=\"_blank\" rel=\"noopener\">anime</a>… Khi từ này được du nhập vào Việt Nam thì đã được biến âm thành Wibu cho dễ đọc và viết.</span></strong></p> <h2 dir=\"ltr\" style=\"line-height: 1.7999999999999998; text-align: justify; background-color: #ffffff; margin-top: 0pt; margin-bottom: 0pt; padding: 0pt 0pt 10pt 0pt;\" id=\"b-heading-H2-3\"><strong id=\"docs-internal-guid-c930c8a1-7fff-7984-3233-03a29a8a721d\" style=\"font-weight: normal;\"><span style=\"color: rgb(0, 0, 0); background-color: transparent; font-weight: bold; font-style: normal; font-variant: normal; text-decoration: none; vertical-align: baseline; white-space: pre-wrap;\">3. Wibu nên được sử dụng đúng cách trên mạng xã hội</span></strong></h2> <p dir=\"ltr\" style=\"text-align: justify; background-color: rgb(255, 255, 255); padding: 0pt 0pt 10pt;\"><strong id=\"docs-internal-guid-c930c8a1-7fff-7984-3233-03a29a8a721d\" style=\"font-weight: normal;\"><span style=\"color: rgb(0, 0, 0); background-color: transparent; font-weight: 400; font-style: normal; font-variant: normal; text-decoration: none; vertical-align: baseline; white-space: pre-wrap;\">Như đã đề cập ở trên về định nghĩa <strong>Wibu là gì</strong> thì bạn có thể hiểu đây là từ ngữ mang nhiều sự tiêu cực. Trên các trang mạng xã hội hiện nay, chỉ cần là những gì liên quan đến việc khen ngợi hay tôn vinh văn hóa Nhật Bản là đều sẽ bị gán mác Wibu. Nhưng trên thực tế, đó không phải là tất cả.</span></strong></p> <p dir=\"ltr\" style=\"text-align: justify; background-color: rgb(255, 255, 255); padding: 0pt 0pt 10pt;\"><strong id=\"docs-internal-guid-c930c8a1-7fff-7984-3233-03a29a8a721d\" style=\"font-weight: normal;\"><span style=\"color: rgb(0, 0, 0); background-color: transparent; font-weight: 400; font-style: normal; font-variant: normal; text-decoration: none; vertical-align: baseline; white-space: pre-wrap;\"><span style=\"border: none; overflow: hidden; width: 600px; height: 399px;\"><img style=\"display: block; margin-left: auto; margin-right: auto;\" src=\"https://mcdn.coolmate.me/image/May2022/wibu-la-gi-weeaboo-la-gi-su-khac-nhau-giua-wibu-va-otaku_251.jpg\" alt=\"Hãy hiểu đúng về Wibu để không đánh đồng tất cả mọi người\" width=\"600\"></span></span></strong></p> <p dir=\"ltr\" style=\"text-align: center; background-color: rgb(255, 255, 255); padding: 0pt 0pt 10pt;\"><strong id=\"docs-internal-guid-c930c8a1-7fff-7984-3233-03a29a8a721d\" style=\"font-weight: normal;\"><span style=\"color: rgb(0, 0, 0); background-color: transparent; font-weight: 400; font-style: italic; font-variant: normal; text-decoration: none; vertical-align: baseline; white-space: pre-wrap;\">Hãy hiểu đúng về Wibu để không đánh đồng tất cả mọi người</span></strong></p> <p dir=\"ltr\" style=\"text-align: justify; background-color: rgb(255, 255, 255); padding: 0pt 0pt 10pt;\"><strong id=\"docs-internal-guid-c930c8a1-7fff-7984-3233-03a29a8a721d\" style=\"font-weight: normal;\"><span style=\"color: rgb(0, 0, 0); background-color: transparent; font-weight: 400; font-style: normal; font-variant: normal; text-decoration: none; vertical-align: baseline; white-space: pre-wrap;\">Việc một người khen một điều gì đó, tôn vinh một điều gì đó tốt đẹp không phải là chuyện xấu. Chỉ cần họ biết điểm dừng, giới hạn và không đi quá xa thì đều được chấp nhận. </span></strong></p> <p dir=\"ltr\" style=\"text-align: justify; background-color: rgb(255, 255, 255); padding: 0pt 0pt 10pt;\"><strong id=\"docs-internal-guid-c930c8a1-7fff-7984-3233-03a29a8a721d\" style=\"font-weight: normal;\"><span style=\"color: rgb(0, 0, 0); background-color: transparent; font-weight: 400; font-style: normal; font-variant: normal; text-decoration: none; vertical-align: baseline; white-space: pre-wrap;\"><span style=\"border: none; overflow: hidden; width: 600px; height: 450px;\"><img style=\"display: block; margin-left: auto; margin-right: auto;\" src=\"https://mcdn.coolmate.me/image/May2022/wibu-la-gi-weeaboo-la-gi-su-khac-nhau-giua-wibu-va-otaku_844.jpg\" alt=\"Tôn vinh những nét đẹp trong văn hóa Nhật Bản không phải điều xấu\" width=\"600\"></span></span></strong></p> <p dir=\"ltr\" style=\"text-align: center; background-color: rgb(255, 255, 255); padding: 0pt 0pt 10pt;\"><strong id=\"docs-internal-guid-c930c8a1-7fff-7984-3233-03a29a8a721d\" style=\"font-weight: normal;\"><span style=\"color: rgb(0, 0, 0); background-color: transparent; font-weight: 400; font-style: italic; font-variant: normal; text-decoration: none; vertical-align: baseline; white-space: pre-wrap;\">Tôn vinh những nét đẹp trong văn hóa Nhật Bản không phải điều xấu</span></strong></p> <p dir=\"ltr\" style=\"text-align: justify; background-color: rgb(255, 255, 255); padding: 0pt 0pt 10pt;\"><strong id=\"docs-internal-guid-c930c8a1-7fff-7984-3233-03a29a8a721d\" style=\"font-weight: normal;\"><span style=\"color: rgb(0, 0, 0); background-color: transparent; font-weight: 400; font-style: normal; font-variant: normal; text-decoration: none; vertical-align: baseline; white-space: pre-wrap;\">Giới trẻ hiện nay đều ít nhiều ảnh hưởng từ văn hóa Nhật nhưng có những bạn chỉ tiếp nhận và tìm hiểu thông tin một cách đúng nghĩa. Do đó, đừng đánh đồng tất cả mọi người là Wibu mà hãy xem xét dựa trên mức độ “cuồng” của người đó nhé!</span></strong></p> <h2 dir=\"ltr\" style=\"line-height: 1.7999999999999998; text-align: justify; margin-top: 0pt; margin-bottom: 10pt;\" id=\"b-heading-H2-4\"><strong id=\"docs-internal-guid-c930c8a1-7fff-7984-3233-03a29a8a721d\" style=\"font-weight: normal;\"><span style=\"color: rgb(0, 0, 0); background-color: transparent; font-weight: bold; font-style: normal; font-variant: normal; text-decoration: none; vertical-align: baseline; white-space: pre-wrap;\">4. Sự khác nhau giữa Wibu và Otaku?</span></strong></h2> <p dir=\"ltr\" style=\"text-align: justify;\"><strong id=\"docs-internal-guid-c930c8a1-7fff-7984-3233-03a29a8a721d\" style=\"font-weight: normal;\"><span style=\"color: rgb(0, 0, 0); background-color: rgb(255, 255, 255); font-weight: 400; font-style: normal; font-variant: normal; text-decoration: none; vertical-align: baseline; white-space: pre-wrap;\">Trên thực tế thì <strong>Wibu là gì </strong>và <a title=\" Otaku là gì \" href=\"https://www.coolmate.me/post/weeaboo-otaku-la-gi-cach-nhan-biet\" target=\"_blank\" rel=\"noopener\">Otaku là gì </a>vẫn là những từ ngữ bị nhiều người nhầm lẫn. Bởi chúng đều xuất phát từ văn hóa Nhật Bản nên một số bạn chưa tìm hiểu kĩ đã gộp chung nghĩa vào làm một. Nhưng không, chúng mang ý nghĩa khác nhau.</span></strong></p> <p dir=\"ltr\" style=\"text-align: justify;\"><strong id=\"docs-internal-guid-c930c8a1-7fff-7984-3233-03a29a8a721d\" style=\"font-weight: normal;\"><span style=\"color: rgb(0, 0, 0); background-color: rgb(255, 255, 255); font-weight: 400; font-style: normal; font-variant: normal; text-decoration: none; vertical-align: baseline; white-space: pre-wrap;\">Như đã đề cập ở trên, Wibu là từ ngữ dùng để chỉ những người cuồng mạnh mẽ tất cả mọi thứ về văn hóa Nhật Bản. Còn Otaku là từ ám chỉ những người yêu thích các phương tiện giải trí như manga, anime, phim truyện và trò chơi điện tử. Họ thích tất cả những món đồ liên quan đến chủ đề mà mình quan tâm và có kiến thức sâu rộng, hiểu biết tường tận về chủ đề đó.</span></strong></p> <p dir=\"ltr\" style=\"text-align: justify;\"><strong id=\"docs-internal-guid-c930c8a1-7fff-7984-3233-03a29a8a721d\" style=\"font-weight: normal;\"><span style=\"color: rgb(0, 0, 0); background-color: rgb(255, 255, 255); font-weight: 400; font-style: normal; font-variant: normal; text-decoration: none; vertical-align: baseline; white-space: pre-wrap;\">Otaku trong Hán tự còn được biết đến với ý nghĩa là “ngôi nhà”. Do đó, đây cũng là từ chỉ những người khá nội tâm, thiếu tự tin giao tiếp, luôn ở trong nhà và đắm chìm trong thế giới riêng của chính mình.</span></strong></p> <p dir=\"ltr\" style=\"text-align: justify; background-color: rgb(255, 255, 255); padding: 0pt 0pt 10pt;\"><strong id=\"docs-internal-guid-c930c8a1-7fff-7984-3233-03a29a8a721d\" style=\"font-weight: normal;\"><span style=\"color: rgb(0, 0, 0); background-color: transparent; font-weight: 400; font-style: normal; font-variant: normal; text-decoration: none; vertical-align: baseline; white-space: pre-wrap;\"><span style=\"border: none; overflow: hidden; width: 600px; height: 449px;\"><img style=\"display: block; margin-left: auto; margin-right: auto;\" src=\"https://mcdn.coolmate.me/image/May2022/wibu-la-gi-weeaboo-la-gi-su-khac-nhau-giua-wibu-va-otaku_494.jpg\" alt=\"wibu-la-gi-weeaboo-la-gi-su-khac-nhau-giua-wibu-va-otaku\"></span></span></strong></p> <p dir=\"ltr\" style=\"text-align: center; background-color: rgb(255, 255, 255); padding: 0pt 0pt 10pt;\"><strong id=\"docs-internal-guid-c930c8a1-7fff-7984-3233-03a29a8a721d\" style=\"font-weight: normal;\"><span style=\"color: rgb(0, 0, 0); background-color: transparent; font-weight: 400; font-style: italic; font-variant: normal; text-decoration: none; vertical-align: baseline; white-space: pre-wrap;\">Otaku là gì?</span></strong></p> <p dir=\"ltr\" style=\"text-align: justify;\"><strong id=\"docs-internal-guid-c930c8a1-7fff-7984-3233-03a29a8a721d\" style=\"font-weight: normal;\"><span style=\"color: rgb(0, 0, 0); background-color: rgb(255, 255, 255); font-weight: 400; font-style: normal; font-variant: normal; text-decoration: none; vertical-align: baseline; white-space: pre-wrap;\">Dần dần về sau, Otaku mang ý nghĩa có phần tiêu cực hơn, dùng để chỉ những bạn chỉ ở mãi trong nhà, quá đam mê nền văn hóa 2D Nhật Bản. Nhưng khi du nhập đến Mỹ, từ này đã được giảm nhẹ đi phần nào, Otaku được dùng để chỉ những fan chính hiệu của anime hay manga. Ở một số quốc gia khác thì Otaku vẫn mang ý nghĩa tích cực hơn Wibu.</span></strong></p> <p dir=\"ltr\" style=\"text-align: justify;\"><strong id=\"docs-internal-guid-c930c8a1-7fff-7984-3233-03a29a8a721d\" style=\"font-weight: normal;\"><span style=\"color: rgb(0, 0, 0); background-color: rgb(255, 255, 255); font-weight: 400; font-style: normal; font-variant: normal; text-decoration: none; vertical-align: baseline; white-space: pre-wrap;\">Để bạn hiểu rõ hơn sự khác nhau giữa Wibu và Otaku, Kingsman sẽ điểm lại những điều khác nhau rõ rệt dưới đây nhé!</span></strong></p> <p dir=\"ltr\" style=\"text-align: justify; background-color: rgb(255, 255, 255); padding: 0pt 0pt 10pt;\"><strong id=\"docs-internal-guid-c930c8a1-7fff-7984-3233-03a29a8a721d\" style=\"font-weight: normal;\"><span style=\"color: rgb(0, 0, 0); background-color: transparent; font-weight: 400; font-style: normal; font-variant: normal; text-decoration: none; vertical-align: baseline; white-space: pre-wrap;\"><span style=\"border: none; overflow: hidden; width: 600px; height: 338px;\"><img style=\"display: block; margin-left: auto; margin-right: auto;\" src=\"https://mcdn.coolmate.me/image/May2022/wibu-la-gi-weeaboo-la-gi-su-khac-nhau-giua-wibu-va-otaku_930.jpg\" alt=\"wibu-la-gi-weeaboo-la-gi-su-khac-nhau-giua-wibu-va-otaku\"></span></span></strong></p> <p dir=\"ltr\" style=\"text-align: center; background-color: rgb(255, 255, 255);\"><strong id=\"docs-internal-guid-c930c8a1-7fff-7984-3233-03a29a8a721d\" style=\"font-weight: normal;\"><span style=\"color: rgb(0, 0, 0); background-color: transparent; font-weight: 400; font-style: italic; font-variant: normal; text-decoration: none; vertical-align: baseline; white-space: pre-wrap;\">Điều gì tạo nên sự khác biệt giữa Wibu và Otaku</span></strong></p> <div dir=\"ltr\" style=\"margin-left: 0pt;\" align=\"left\"><table style=\"border: none; border-collapse: collapse; table-layout: fixed; width: 451.27559055118115pt;\"><colgroup><col><col></colgroup> <tbody><tr style=\"height: 0pt;\"><td style=\"vertical-align: top; padding: 5pt 5pt 5pt 5pt; overflow: hidden; overflow-wrap: break-word; border: solid #000000 1pt;\"><p dir=\"ltr\" style=\"text-align: center;\"><strong><span style=\"color: rgb(0, 0, 0); background-color: transparent; font-style: normal; font-variant: normal; text-decoration: none; vertical-align: baseline; white-space: pre-wrap;\">Wibu</span></strong></p></td> <td style=\"vertical-align: top; padding: 5pt 5pt 5pt 5pt; overflow: hidden; overflow-wrap: break-word; border: solid #000000 1pt;\"><p dir=\"ltr\" style=\"text-align: center;\"><strong><span style=\"color: rgb(0, 0, 0); background-color: transparent; font-style: normal; font-variant: normal; text-decoration: none; vertical-align: baseline; white-space: pre-wrap;\">Otaku</span></strong></p></td></tr> <tr style=\"height: 0pt;\"><td style=\"vertical-align: top; padding: 5pt 5pt 5pt 5pt; overflow: hidden; overflow-wrap: break-word; border: solid #000000 1pt;\"><p dir=\"ltr\"><span style=\"color: rgb(0, 0, 0); background-color: transparent; font-weight: 400; font-style: normal; font-variant: normal; text-decoration: none; vertical-align: baseline; white-space: pre-wrap;\">Quá tôn sùng manga và anime, không coi trọng những nét văn hóa truyền thống khác. Từ đó hâm mộ quá mức Nhật Bản, coi đất nước này là số một.</span></p></td> <td style=\"vertical-align: top; padding: 5pt 5pt 5pt 5pt; overflow: hidden; overflow-wrap: break-word; border: solid #000000 1pt;\"><p dir=\"ltr\"><span style=\"color: rgb(0, 0, 0); background-color: transparent; font-weight: 400; font-style: normal; font-variant: normal; text-decoration: none; vertical-align: baseline; white-space: pre-wrap;\">Yêu thích manga, anime cũng như văn hóa Nhật Bản, có kiến thức sâu rộng về chủ đề họ quan tâm. Từ đó cùng những người chung sở thích bàn luận về nghệ thuật này.</span></p></td></tr> <tr style=\"height: 0pt;\"><td style=\"vertical-align: top; padding: 5pt 5pt 5pt 5pt; overflow: hidden; overflow-wrap: break-word; border: solid #000000 1pt;\"><p dir=\"ltr\"><span style=\"color: rgb(0, 0, 0); background-color: transparent; font-weight: 400; font-style: normal; font-variant: normal; text-decoration: none; vertical-align: baseline; white-space: pre-wrap;\">Mọi thông tin, hiểu biết về nền văn hóa Nhật Bản chỉ gói gọn trong manga và anime.</span></p></td> <td style=\"vertical-align: top; padding: 5pt 5pt 5pt 5pt; overflow: hidden; overflow-wrap: break-word; border: solid #000000 1pt;\"><p dir=\"ltr\"><span style=\"color: rgb(0, 0, 0); background-color: transparent; font-weight: 400; font-style: normal; font-variant: normal; text-decoration: none; vertical-align: baseline; white-space: pre-wrap;\">Yêu văn hóa nước Nhật và tìm hiểu về văn hóa, đặc biệt là chủ đề mà họ quan tâm.</span></p></td></tr> <tr style=\"height: 0pt;\"><td style=\"vertical-align: top; padding: 5pt 5pt 5pt 5pt; overflow: hidden; overflow-wrap: break-word; border: solid #000000 1pt;\"><p dir=\"ltr\"><span style=\"color: rgb(0, 0, 0); background-color: transparent; font-weight: 400; font-style: normal; font-variant: normal; text-decoration: none; vertical-align: baseline; white-space: pre-wrap;\">Thêm các từ tiếng Nhật vào trong giao tiếp hàng ngày để thấy mình giống người Nhật.</span></p></td> <td style=\"vertical-align: top; padding: 5pt 5pt 5pt 5pt; overflow: hidden; overflow-wrap: break-word; border: solid #000000 1pt;\"><p dir=\"ltr\"><span style=\"color: rgb(0, 0, 0); background-color: transparent; font-weight: 400; font-style: normal; font-variant: normal; text-decoration: none; vertical-align: baseline; white-space: pre-wrap;\">Không thêm những từ ngữ tiếng Nhật trong giao tiếp.</span></p></td></tr> <tr style=\"height: 0pt;\"><td style=\"vertical-align: top; padding: 5pt 5pt 5pt 5pt; overflow: hidden; overflow-wrap: break-word; border: solid #000000 1pt;\"><p dir=\"ltr\"><span style=\"color: rgb(0, 0, 0); background-color: transparent; font-weight: 400; font-style: normal; font-variant: normal; text-decoration: none; vertical-align: baseline; white-space: pre-wrap;\">Muốn trở thành người Nhật hơn bất kỳ điều gì, không coi trọng nguồn gốc của mình.</span></p></td> <td style=\"vertical-align: top; padding: 5pt 5pt 5pt 5pt; overflow: hidden; overflow-wrap: break-word; border: solid #000000 1pt;\"><p dir=\"ltr\"><span style=\"color: rgb(0, 0, 0); background-color: transparent; font-weight: 400; font-style: normal; font-variant: normal; text-decoration: none; vertical-align: baseline; white-space: pre-wrap;\">Yêu thích và hâm mộ, vẫn luôn coi trọng nguồn gốc của mình</span></p></td></tr> <tr style=\"height: 0pt;\"><td style=\"vertical-align: top; padding: 5pt 5pt 5pt 5pt; overflow: hidden; overflow-wrap: break-word; border: solid #000000 1pt;\"><p dir=\"ltr\"><span style=\"color: rgb(0, 0, 0); background-color: transparent; font-weight: 400; font-style: normal; font-variant: normal; text-decoration: none; vertical-align: baseline; white-space: pre-wrap;\">Làm ảnh hưởng nghiêm trọng đến những người xung quanh.</span></p></td> <td style=\"vertical-align: top; padding: 5pt 5pt 5pt 5pt; overflow: hidden; overflow-wrap: break-word; border: solid #000000 1pt;\"><p dir=\"ltr\"><span style=\"color: rgb(0, 0, 0); background-color: transparent; font-weight: 400; font-style: normal; font-variant: normal; text-decoration: none; vertical-align: baseline; white-space: pre-wrap;\">Không làm ảnh hưởng đến những người xung quanh làm họ thấy khó chịu.</span></p></td></tr></tbody></table></div> <p dir=\"ltr\" style=\"background-color: rgb(255, 255, 255); padding: 0pt 0pt 10pt;\"> </p> <h2 dir=\"ltr\" style=\"background-color: rgb(255, 255, 255); padding: 0pt 0pt 10pt;\" id=\"b-heading-H2-5\"><strong id=\"docs-internal-guid-c930c8a1-7fff-7984-3233-03a29a8a721d\" style=\"font-weight: normal;\"><span style=\"color: rgb(0, 0, 0); background-color: transparent; font-weight: bold; font-style: normal; font-variant: normal; text-decoration: none; vertical-align: baseline; white-space: pre-wrap;\">5. Dấu hiệu nhận biết một Wibu chính hiệu</span></strong></h2> <p dir=\"ltr\" style=\"background-color: rgb(255, 255, 255); padding: 0pt 0pt 10pt;\"><strong id=\"docs-internal-guid-c930c8a1-7fff-7984-3233-03a29a8a721d\" style=\"font-weight: normal;\"><span style=\"color: rgb(0, 0, 0); background-color: transparent; font-weight: 400; font-style: normal; font-variant: normal; text-decoration: none; vertical-align: baseline; white-space: pre-wrap;\">Dấu hiệu nhận biết một Wibu chính hiệu sẽ được thể hiện qua những biểu hiện rõ ràng sau đây:</span></strong></p> <ul style=\"margin-top: 0; margin-bottom: 0; padding-inline-start: 48px;\"><li dir=\"ltr\" style=\"list-style-type: disc; font-size: 13pt; font-family: \'Times New Roman\'; color: #000000; background-color: transparent; font-weight: 400; font-style: normal; font-variant: normal; text-decoration: none; vertical-align: baseline; white-space: pre;\" aria-level=\"1\"><p dir=\"ltr\" style=\"background-color: rgb(255, 255, 255);\" role=\"presentation\"><strong id=\"docs-internal-guid-c930c8a1-7fff-7984-3233-03a29a8a721d\" style=\"font-weight: normal;\"><span style=\"color: rgb(0, 0, 0); background-color: transparent; font-weight: 400; font-style: normal; font-variant: normal; text-decoration: none; vertical-align: baseline; white-space: pre-wrap;\"><strong>Ham mê phim Nhật quá mức: </strong>Với những người yêu thích văn hóa Nhật Bản thì phim Nhật sẽ là một trong những công cụ giải trí rất tốt. Nhưng với những Wibu chính hiệu thì họ xem phim Nhật mọi lúc mọi nơi và cày hết tập phim này đến tập phim khác. Có khi Wibu còn cày phim quên ăn quên ngủ. Thể loại phim Nhật được người Việt xem nhiều nhất phải kể đến Anime.</span></strong></p></li> <li dir=\"ltr\" style=\"list-style-type: disc; font-size: 13pt; font-family: \'Times New Roman\'; color: #000000; background-color: transparent; font-weight: 400; font-style: normal; font-variant: normal; text-decoration: none; vertical-align: baseline; white-space: pre;\" aria-level=\"1\"><p dir=\"ltr\" style=\"background-color: rgb(255, 255, 255);\" role=\"presentation\"><strong id=\"docs-internal-guid-c930c8a1-7fff-7984-3233-03a29a8a721d\" style=\"font-weight: normal;\"><span style=\"color: rgb(0, 0, 0); background-color: transparent; font-weight: 400; font-style: normal; font-variant: normal; text-decoration: none; vertical-align: baseline; white-space: pre-wrap;\"><strong>Bắt chước hành động trong phim Nhật:</strong> Trên thực tế, Wibu đang sống trong thế giới của phim, họ muốn bắt chước hành động giống phim, áp dụng vào những hành động thường ngày.</span></strong></p></li> <li dir=\"ltr\" style=\"list-style-type: disc; font-size: 13pt; font-family: \'Times New Roman\'; color: #000000; background-color: transparent; font-weight: 400; font-style: normal; font-variant: normal; text-decoration: none; vertical-align: baseline; white-space: pre;\" aria-level=\"1\"><p dir=\"ltr\" style=\"background-color: rgb(255, 255, 255);\" role=\"presentation\"><strong id=\"docs-internal-guid-c930c8a1-7fff-7984-3233-03a29a8a721d\" style=\"font-weight: normal;\"><span style=\"color: rgb(0, 0, 0); background-color: transparent; font-weight: 400; font-style: normal; font-variant: normal; text-decoration: none; vertical-align: baseline; white-space: pre-wrap;\"><strong>Sử dụng tiếng Nhật quá nhiều:</strong> Trong giao tiếp hàng ngày, Wibu sẽ chèn những từ ngữ tiếng Nhật vào câu nói rất nhiều. Khiến người đối diện nếu không biết và học tiếng Nhật cảm thấy khó chịu.</span></strong></p></li> <li dir=\"ltr\" style=\"list-style-type: disc; font-size: 13pt; font-family: \'Times New Roman\'; color: #000000; background-color: transparent; font-weight: 400; font-style: normal; font-variant: normal; text-decoration: none; vertical-align: baseline; white-space: pre;\" aria-level=\"1\"><p dir=\"ltr\" style=\"background-color: rgb(255, 255, 255);\" role=\"presentation\"><strong id=\"docs-internal-guid-c930c8a1-7fff-7984-3233-03a29a8a721d\" style=\"font-weight: normal;\"><span style=\"color: rgb(0, 0, 0); background-color: transparent; font-weight: 400; font-style: normal; font-variant: normal; text-decoration: none; vertical-align: baseline; white-space: pre-wrap;\"><strong>Bên vực vô điều kiện phim Nhật:</strong> Bất kỳ quốc gia nào cũng sẽ có những bộ phim hay và không hay. Nhưng đối với Wibu, họ cho rằng tất cả những bộ phim Nhật đều rất hay và bênh vực một cách thái quá, thậm chí còn hơn người bản địa.</span></strong></p></li> <li dir=\"ltr\" style=\"list-style-type: disc; font-size: 13pt; font-family: \'Times New Roman\'; color: #000000; background-color: transparent; font-weight: 400; font-style: normal; font-variant: normal; text-decoration: none; vertical-align: baseline; white-space: pre;\" aria-level=\"1\"><p dir=\"ltr\" style=\"background-color: rgb(255, 255, 255);\" role=\"presentation\"><strong id=\"docs-internal-guid-c930c8a1-7fff-7984-3233-03a29a8a721d\" style=\"font-weight: normal;\"><span style=\"color: rgb(0, 0, 0); background-color: transparent; font-weight: 400; font-style: normal; font-variant: normal; text-decoration: none; vertical-align: baseline; white-space: pre-wrap;\"><strong>Tỏ ra hiểu biết rõ về văn hóa, con người Nhật Bản: </strong>Trên thực tế không phải Wibu nào cũng hiểu rõ về văn hóa và con người Nhật Bản nhưng lại tỏ ra am hiểu. Việc yêu thích văn hóa một quốc gia không xấu nhưng bạn hãy dừng lại ở mức độ vừa phải, không nên đi quá mức gây phiền phức cho người khác nhé!</span></strong></p></li></ul> <p dir=\"ltr\" style=\"line-height: 1.7999999999999998; text-align: justify; margin-top: 0pt; margin-bottom: 10pt;\"><strong id=\"docs-internal-guid-c930c8a1-7fff-7984-3233-03a29a8a721d\" style=\"font-weight: normal;\"><span style=\"color: rgb(0, 0, 0); background-color: transparent; font-weight: bold; font-style: normal; font-variant: normal; text-decoration: none; vertical-align: baseline; white-space: pre-wrap;\">Kết luận</span></strong></p> <p dir=\"ltr\" style=\"text-align: justify;\"><strong id=\"docs-internal-guid-c930c8a1-7fff-7984-3233-03a29a8a721d\" style=\"font-weight: normal;\"><span style=\"color: rgb(0, 0, 0); background-color: rgb(255, 255, 255); font-weight: 400; font-style: nor','images/blog/wibu-la-gi-4.jpg','Wibu và Weeaboo là những từ để chỉ những người sùng bái văn hóa Nhật Bản. Vậy cụ thể wibu là gì? Hãy cùng Kingsman tìm hiểu nhé!',1,_binary ''),(2,'Top 7+ mẫu xe Wave độ cực chất khiến bạn không thể rời mắt',2,'2023-05-27 17:00:00','<div class=\"\" rel-script=\"blog-detail\"><p><strong id=\"docs-internal-guid-f27bfae4-7fff-ceb8-41c0-f03c274ccffe\" style=\"font-weight: normal;\"></strong></p> <p dir=\"ltr\"><strong id=\"docs-internal-guid-f27bfae4-7fff-ceb8-41c0-f03c274ccffe\" style=\"font-weight: normal;\"><span style=\"color: rgb(0, 0, 0); background-color: transparent; font-weight: 400; font-style: normal; font-variant: normal; text-decoration: none; vertical-align: baseline; white-space: pre-wrap;\">Trong những năm trở lại đây, </span><span style=\"color: rgb(0, 0, 0); background-color: transparent; font-weight: bold; font-style: normal; font-variant: normal; text-decoration: none; vertical-align: baseline; white-space: pre-wrap;\">xe Wave độ</span><span style=\"color: rgb(0, 0, 0); background-color: transparent; font-weight: 400; font-style: normal; font-variant: normal; text-decoration: none; vertical-align: baseline; white-space: pre-wrap;\"> đã trở thành một trào lưu phổ biến và được quan tâm bởi rất nhiều người. Việc độ cho chiếc xe không chỉ giúp cải thiện chất lượng mà còn thỏa mãn niềm đam mê tốc độ cũng như sáng tạo ở các bạn trẻ. Vậy đâu là những mẫu xe độ đẹp nhất ở Việt Nam? Hãy cùng </span></strong><strong><a style=\"text-decoration: none;\" href=\"https://www.coolmate.me/\"><span style=\"color: rgb(17, 85, 204); background-color: transparent; font-style: normal; font-variant: normal; text-decoration: underline; text-decoration-skip-ink: none; vertical-align: baseline; white-space: pre-wrap;\">Kingsman</span></a></strong><strong id=\"docs-internal-guid-f27bfae4-7fff-ceb8-41c0-f03c274ccffe\" style=\"font-weight: normal;\"><span style=\"color: rgb(0, 0, 0); background-color: transparent; font-weight: 400; font-style: normal; font-variant: normal; text-decoration: none; vertical-align: baseline; white-space: pre-wrap;\"> điểm danh qua bài viết dưới đây nhé!</span></strong></p> <p dir=\"ltr\"><strong id=\"docs-internal-guid-f27bfae4-7fff-ceb8-41c0-f03c274ccffe\" style=\"font-weight: normal;\"><span style=\"color: rgb(0, 0, 0); background-color: transparent; font-weight: 400; font-style: normal; font-variant: normal; text-decoration: none; vertical-align: baseline; white-space: pre-wrap;\"><span style=\"border: none; overflow: hidden; width: 600px; height: 449px;\"><img style=\"display: block; margin-left: auto; margin-right: auto;\" src=\"https://mcdn.coolmate.me/image/June2022/mau-xe-wave-do-cuc-chat_496.jpg\" alt=\"mau-xe-wave-do-cuc-chat\"></span></span></strong></p> <p dir=\"ltr\" style=\"text-align: center;\"><em><strong id=\"docs-internal-guid-f27bfae4-7fff-ceb8-41c0-f03c274ccffe\" style=\"font-weight: normal;\"><span style=\"color: rgb(0, 0, 0); background-color: transparent; font-weight: 400; font-variant: normal; text-decoration: none; vertical-align: baseline; white-space: pre-wrap;\">Trong những năm trở lại đây, xe Wave độ đã trở thành một trào lưu phổ biến</span></strong></em></p> <h2 dir=\"ltr\" style=\"line-height: 1.7999999999999998; margin-top: 10pt; margin-bottom: 10pt;\" id=\"b-heading-H2-1\"><strong id=\"docs-internal-guid-f27bfae4-7fff-ceb8-41c0-f03c274ccffe\" style=\"font-weight: normal;\"><span style=\"color: rgb(0, 0, 0); background-color: transparent; font-weight: bold; font-style: normal; font-variant: normal; text-decoration: none; vertical-align: baseline; white-space: pre-wrap;\">1. Honda Wave - xe quốc dân Việt Nam</span></strong></h2> <p dir=\"ltr\"><strong id=\"docs-internal-guid-f27bfae4-7fff-ceb8-41c0-f03c274ccffe\" style=\"font-weight: normal;\"><span style=\"color: rgb(0, 0, 0); background-color: transparent; font-weight: 400; font-style: normal; font-variant: normal; text-decoration: none; vertical-align: baseline; white-space: pre-wrap;\">Xuất hiện từ những năm đầu tiên của thế kỷ 21, Wave Alpha được mệnh danh là dòng xe cứu cánh cho Honda khi công ty đang đứng trên bờ vực phá sản. Dù tính đến nay đã hơn 10 năm, nhưng dòng xe này vẫn luôn được mọi người yêu thích và là sự lựa chọn hàng đầu cho các biker, phượt thủ.</span></strong></p> <p dir=\"ltr\"><strong id=\"docs-internal-guid-f27bfae4-7fff-ceb8-41c0-f03c274ccffe\" style=\"font-weight: normal;\"><span style=\"color: rgb(0, 0, 0); background-color: transparent; font-weight: 400; font-style: normal; font-variant: normal; text-decoration: none; vertical-align: baseline; white-space: pre-wrap;\"><span style=\"border: none; overflow: hidden; width: 600px; height: 400px;\"><img style=\"display: block; margin-left: auto; margin-right: auto;\" src=\"https://mcdn.coolmate.me/image/June2022/mau-xe-wave-do-cuc-chat_944.jpg\" alt=\"mau-xe-wave-do-cuc-chat\"></span></span></strong></p> <p dir=\"ltr\" style=\"text-align: center;\"><em><strong id=\"docs-internal-guid-f27bfae4-7fff-ceb8-41c0-f03c274ccffe\" style=\"font-weight: normal;\"><span style=\"color: rgb(0, 0, 0); background-color: transparent; font-weight: 400; font-variant: normal; text-decoration: none; vertical-align: baseline; white-space: pre-wrap;\">Wave Alpha luôn là sự lựa chọn hàng đầu cho các biker, phượt thủ</span></strong></em></p> <p dir=\"ltr\"><strong id=\"docs-internal-guid-f27bfae4-7fff-ceb8-41c0-f03c274ccffe\" style=\"font-weight: normal;\"><span style=\"color: rgb(0, 0, 0); background-color: transparent; font-weight: 400; font-style: normal; font-variant: normal; text-decoration: none; vertical-align: baseline; white-space: pre-wrap;\">Xe Wave Alpha có thiết kế đơn giản, đa dạng cùng với động cơ mạnh mẽ nên phù hợp với mọi lứa tuổi cũng như sở thích của khách hàng. Hơn nữa, với dòng Wave này bạn chỉ cần độ thêm vài món đồ đơn giản là đã sở hữu một chiếc xe độc nhất mà vẫn siêu cool ngầu.</span></strong></p> <h2 dir=\"ltr\" style=\"line-height: 1.7999999999999998; margin-top: 10pt; margin-bottom: 10pt;\" id=\"b-heading-H2-2\"><strong id=\"docs-internal-guid-f27bfae4-7fff-ceb8-41c0-f03c274ccffe\" style=\"font-weight: normal;\"><span style=\"color: rgb(0, 0, 0); background-color: transparent; font-weight: bold; font-style: normal; font-variant: normal; text-decoration: none; vertical-align: baseline; white-space: pre-wrap;\">2. Top 7+ mẫu xe Wave độ đẹp nhất khiến bạn không thể rời mắt</span></strong></h2> <p dir=\"ltr\"><strong id=\"docs-internal-guid-f27bfae4-7fff-ceb8-41c0-f03c274ccffe\" style=\"font-weight: normal;\"><span style=\"color: rgb(0, 0, 0); background-color: transparent; font-weight: 400; font-style: normal; font-variant: normal; text-decoration: none; vertical-align: baseline; white-space: pre-wrap;\">Phong trào độ xe ngày càng trở nên rầm rộ và phát triển mạnh mẽ. Nếu như bạn cũng muốn làm mới cho chiếc xe của mình mà vẫn chưa tìm thấy kiểu dáng thích hợp thì ngay sau đây  </span><a style=\"text-decoration: none;\" href=\"https://www.coolmate.me/\"><span style=\"color: rgb(17, 85, 204); background-color: transparent; font-weight: 400; font-style: normal; font-variant: normal; text-decoration: underline; text-decoration-skip-ink: none; vertical-align: baseline; white-space: pre-wrap;\">Kingsman</span></a><span style=\"color: rgb(0, 0, 0); background-color: transparent; font-weight: 400; font-style: normal; font-variant: normal; text-decoration: none; vertical-align: baseline; white-space: pre-wrap;\"> sẽ giới thiệu cho bạn top mẫu </span><span style=\"color: rgb(0, 0, 0); background-color: transparent; font-weight: bold; font-style: normal; font-variant: normal; text-decoration: none; vertical-align: baseline; white-space: pre-wrap;\">xe Wave độ</span><span style=\"color: rgb(0, 0, 0); background-color: transparent; font-weight: 400; font-style: normal; font-variant: normal; text-decoration: none; vertical-align: baseline; white-space: pre-wrap;\"> hot nhất ngày nay.</span></strong></p> <h3 dir=\"ltr\" style=\"line-height: 1.7999999999999998; margin-top: 10pt; margin-bottom: 10pt;\" id=\"b-heading-H3-3\"><strong id=\"docs-internal-guid-f27bfae4-7fff-ceb8-41c0-f03c274ccffe\" style=\"font-weight: normal;\"><span style=\"color: rgb(0, 0, 0); background-color: transparent; font-weight: 400; font-style: normal; font-variant: normal; text-decoration: none; vertical-align: baseline; white-space: pre-wrap;\">2.1 Kiểu độ Drag cho xe Wave</span></strong></h3> <p dir=\"ltr\"><strong id=\"docs-internal-guid-f27bfae4-7fff-ceb8-41c0-f03c274ccffe\" style=\"font-weight: normal;\"><span style=\"color: rgb(0, 0, 0); background-color: transparent; font-weight: 400; font-style: normal; font-variant: normal; text-decoration: none; vertical-align: baseline; white-space: pre-wrap;\">Tại một số nước thuộc khu vực Đông Nam Á và đặc biệt là Việt Nam, việc sử dụng những chiếc xe Wave mang kiểu độ Drag có lẽ không còn quá xa lạ đối với giới trẻ. Tuy nhiên, chi phí để sở hữu chiếc xe này thì không hề rẻ, thậm chí có thể lên tới hàng trăm triệu đồng.</span></strong></p> <p dir=\"ltr\"><strong id=\"docs-internal-guid-f27bfae4-7fff-ceb8-41c0-f03c274ccffe\" style=\"font-weight: normal;\"><span style=\"color: rgb(0, 0, 0); background-color: transparent; font-weight: 400; font-style: normal; font-variant: normal; text-decoration: none; vertical-align: baseline; white-space: pre-wrap;\"><span style=\"border: none; overflow: hidden; width: 600px; height: 400px;\"><img style=\"display: block; margin-left: auto; margin-right: auto;\" src=\"https://mcdn.coolmate.me/image/June2022/mau-xe-wave-do-cuc-chat_476.jpg\" alt=\"mau-xe-wave-do-cuc-chat\"></span></span></strong></p> <p dir=\"ltr\" style=\"text-align: center;\"><em><strong id=\"docs-internal-guid-f27bfae4-7fff-ceb8-41c0-f03c274ccffe\" style=\"font-weight: normal;\"><span style=\"color: rgb(0, 0, 0); background-color: transparent; font-weight: 400; font-variant: normal; text-decoration: none; vertical-align: baseline; white-space: pre-wrap;\">Những chiếc xe Wave mang kiểu độ Drag có lẽ không còn quá xa lạ đối với giới trẻ</span></strong></em></p> <p dir=\"ltr\"><strong id=\"docs-internal-guid-f27bfae4-7fff-ceb8-41c0-f03c274ccffe\" style=\"font-weight: normal;\"><span style=\"color: rgb(0, 0, 0); background-color: transparent; font-weight: 400; font-style: normal; font-variant: normal; text-decoration: none; vertical-align: baseline; white-space: pre-wrap;\">Mục đích của việc độ Drag là biến chiếc Wave thành một “chú ngựa đua” chuyên nghiệp bằng cách giảm khối lượng đồng thời tăng thêm gia tốc, mã lực cho xe. Chính vì thế mà bạn sẽ phải thiết kế lại hàng loạt các chi tiết từ trong ra ngoài. </span></strong></p> <h3 dir=\"ltr\" style=\"line-height: 1.7999999999999998; margin-top: 10pt; margin-bottom: 10pt;\" id=\"b-heading-H3-4\"><strong id=\"docs-internal-guid-f27bfae4-7fff-ceb8-41c0-f03c274ccffe\" style=\"font-weight: normal;\"><span style=\"color: rgb(0, 0, 0); background-color: transparent; font-weight: 400; font-style: normal; font-variant: normal; text-decoration: none; vertical-align: baseline; white-space: pre-wrap;\">2.2 Kiểu độ dàn áo mang phong cách thể thao</span></strong></h3> <p dir=\"ltr\"><strong id=\"docs-internal-guid-f27bfae4-7fff-ceb8-41c0-f03c274ccffe\" style=\"font-weight: normal;\"><span style=\"color: rgb(0, 0, 0); background-color: transparent; font-weight: 400; font-style: normal; font-variant: normal; text-decoration: none; vertical-align: baseline; white-space: pre-wrap;\">Mẫu </span><span style=\"color: rgb(0, 0, 0); background-color: transparent; font-weight: bold; font-style: normal; font-variant: normal; text-decoration: none; vertical-align: baseline; white-space: pre-wrap;\">xe Wave độ</span><span style=\"color: rgb(0, 0, 0); background-color: transparent; font-weight: 400; font-style: normal; font-variant: normal; text-decoration: none; vertical-align: baseline; white-space: pre-wrap;\"> dàn áo là một trong những kiểu ưa chuộng nhất hiện nay. Bởi vì đây là cách chơi xe khá nhẹ nhàng, ít có sự thay đổi các thông số bên trong và tránh được ảnh hưởng từ pháp lý. </span></strong></p> <p><strong id=\"docs-internal-guid-867e9561-7fff-f6ed-bae2-98b755c2bbca\" style=\"font-weight: normal;\"></strong></p> <p dir=\"ltr\"><strong id=\"docs-internal-guid-867e9561-7fff-f6ed-bae2-98b755c2bbca\" style=\"font-weight: normal;\"><span style=\"color: rgb(0, 0, 0); background-color: transparent; font-weight: 400; font-style: normal; font-variant: normal; text-decoration: none; vertical-align: baseline; white-space: pre-wrap;\"><span style=\"border: none; overflow: hidden; width: 600px; height: 400px;\"><img style=\"display: block; margin-left: auto; margin-right: auto;\" src=\"https://mcdn.coolmate.me/image/June2022/mau-xe-wave-do-cuc-chat_406.jpg\" alt=\"mau-xe-wave-do-cuc-chat\"></span></span></strong></p> <p dir=\"ltr\" style=\"text-align: center;\"><em><strong id=\"docs-internal-guid-867e9561-7fff-f6ed-bae2-98b755c2bbca\" style=\"font-weight: normal;\"><span style=\"color: rgb(0, 0, 0); background-color: transparent; font-weight: 400; font-variant: normal; text-decoration: none; vertical-align: baseline; white-space: pre-wrap;\">Mẫu xe Wave độ dàn áo là một trong những kiểu ưa chuộng nhất hiện nay</span></strong></em></p> <p dir=\"ltr\"><strong id=\"docs-internal-guid-867e9561-7fff-f6ed-bae2-98b755c2bbca\" style=\"font-weight: normal;\"><span style=\"color: rgb(0, 0, 0); background-color: transparent; font-weight: 400; font-style: normal; font-variant: normal; text-decoration: none; vertical-align: baseline; white-space: pre-wrap;\">Chỉ cần thay đổi “dàn áo” bên ngoài cho Wave Alpha là bạn đã có một chiếc xe hoàn toàn mới, thu hút mọi ánh nhìn. Thêm vào đó, việc thay đổi màu sắc cho xe cũng khiến nó trở nên hầm hố hơn qua đó thể hiện được rõ phong cách của người sở hữu.</span></strong></p> <h3 dir=\"ltr\" style=\"line-height: 1.7999999999999998; margin-top: 10pt; margin-bottom: 10pt;\" id=\"b-heading-H3-5\"><strong id=\"docs-internal-guid-867e9561-7fff-f6ed-bae2-98b755c2bbca\" style=\"font-weight: normal;\"><span style=\"color: rgb(0, 0, 0); background-color: transparent; font-weight: 400; font-style: normal; font-variant: normal; text-decoration: none; vertical-align: baseline; white-space: pre-wrap;\">2.3 Xe Wave độ pô cực hầm hố</span></strong></h3> <p dir=\"ltr\"><strong id=\"docs-internal-guid-867e9561-7fff-f6ed-bae2-98b755c2bbca\" style=\"font-weight: normal;\"><span style=\"color: rgb(0, 0, 0); background-color: transparent; font-weight: 400; font-style: normal; font-variant: normal; text-decoration: none; vertical-align: baseline; white-space: pre-wrap;\">Một trào lưu mới được các dân chơi xe rất yêu thích gần đây chính là độ pô cho chiếc xe Wave của mình. Với kiểu này, bạn sẽ phải thay thế ống pô nguyên bản bằng một loại mới có đường kính lớn hơn.</span></strong></p> <p><strong id=\"docs-internal-guid-afc22c2f-7fff-54db-125e-828ed4f6764d\" style=\"font-weight: normal;\"></strong></p> <p dir=\"ltr\"><strong id=\"docs-internal-guid-afc22c2f-7fff-54db-125e-828ed4f6764d\" style=\"font-weight: normal;\"><span style=\"color: rgb(0, 0, 0); background-color: transparent; font-weight: 400; font-style: normal; font-variant: normal; text-decoration: none; vertical-align: baseline; white-space: pre-wrap;\"><span style=\"border: none; overflow: hidden; width: 600px; height: 450px;\"><img style=\"display: block; margin-left: auto; margin-right: auto;\" src=\"https://mcdn.coolmate.me/image/June2022/mau-xe-wave-do-cuc-chat_572.jpg\" alt=\"mau-xe-wave-do-cuc-chat\"></span></span></strong></p> <p dir=\"ltr\" style=\"text-align: center;\"><em><strong id=\"docs-internal-guid-afc22c2f-7fff-54db-125e-828ed4f6764d\" style=\"font-weight: normal;\"><span style=\"color: rgb(0, 0, 0); background-color: transparent; font-weight: 400; font-variant: normal; text-decoration: none; vertical-align: baseline; white-space: pre-wrap;\">Một trào lưu mới được các dân chơi xe rất yêu thích gần đây chính là độ pô cho chiếc xe</span></strong></em></p> <p dir=\"ltr\"><strong id=\"docs-internal-guid-afc22c2f-7fff-54db-125e-828ed4f6764d\" style=\"font-weight: normal;\"><span style=\"color: rgb(0, 0, 0); background-color: transparent; font-weight: 400; font-style: normal; font-variant: normal; text-decoration: none; vertical-align: baseline; white-space: pre-wrap;\">Bên cạnh đó, ống pô mới còn có rất nhiều hình dáng khác nhau giúp người mua có thể dễ dàng lựa chọn theo dựa trên sở thích của bản thân. Cách chơi này không chỉ tăng tính thẩm mỹ mà còn giúp xe vận hành khỏe và tốt hơn.</span></strong></p> <h3 dir=\"ltr\" style=\"line-height: 1.7999999999999998; margin-top: 10pt; margin-bottom: 10pt;\" id=\"b-heading-H3-6\"><strong id=\"docs-internal-guid-afc22c2f-7fff-54db-125e-828ed4f6764d\" style=\"font-weight: normal;\"><span style=\"color: rgb(0, 0, 0); background-color: transparent; font-weight: 400; font-style: normal; font-variant: normal; text-decoration: none; vertical-align: baseline; white-space: pre-wrap;\">2.4 Xe Wave độ dàn chân</span></strong></h3> <p><strong id=\"docs-internal-guid-afc22c2f-7fff-54db-125e-828ed4f6764d\" style=\"font-weight: normal;\"><span style=\"color: rgb(0, 0, 0); background-color: transparent; font-weight: 400; font-style: normal; font-variant: normal; text-decoration: none; vertical-align: baseline; white-space: pre-wrap;\">Khi nhắc đến những mẫu</span><span style=\"color: rgb(0, 0, 0); background-color: transparent; font-weight: bold; font-style: normal; font-variant: normal; text-decoration: none; vertical-align: baseline; white-space: pre-wrap;\"> xe Wave độ</span><span style=\"color: rgb(0, 0, 0); background-color: transparent; font-weight: 400; font-style: normal; font-variant: normal; text-decoration: none; vertical-align: baseline; white-space: pre-wrap;\"> đẹp nhất ở Việt Nam thì chúng ta không thể bỏ lỡ kiểu dáng này. Với cách độ dàn chân khủng cho chiếc xe, chắc chắn nó sẽ mang đến một diện mạo hoàn toàn mới nhưng vẫn cực ấn tượng.</span></strong></p> <p><strong id=\"docs-internal-guid-b9c8954e-7fff-7928-8139-959225454aed\" style=\"font-weight: normal;\"></strong></p> <p dir=\"ltr\"><strong id=\"docs-internal-guid-b9c8954e-7fff-7928-8139-959225454aed\" style=\"font-weight: normal;\"><span style=\"color: rgb(0, 0, 0); background-color: transparent; font-weight: 400; font-style: normal; font-variant: normal; text-decoration: none; vertical-align: baseline; white-space: pre-wrap;\"><span style=\"border: none; overflow: hidden; width: 600px; height: 450px;\"><img style=\"display: block; margin-left: auto; margin-right: auto;\" src=\"https://mcdn.coolmate.me/image/June2022/mau-xe-wave-do-cuc-chat_442.jpg\" alt=\"mau-xe-wave-do-cuc-chat\"></span></span></strong></p> <p dir=\"ltr\" style=\"text-align: center;\"><em><strong id=\"docs-internal-guid-b9c8954e-7fff-7928-8139-959225454aed\" style=\"font-weight: normal;\"><span style=\"color: rgb(0, 0, 0); background-color: transparent; font-weight: 400; font-variant: normal; text-decoration: none; vertical-align: baseline; white-space: pre-wrap;\">Xe Wave độ dàn chân là một trong những mẫu xe đẹp nhất Việt Nam</span></strong></em></p> <p dir=\"ltr\"><strong id=\"docs-internal-guid-b9c8954e-7fff-7928-8139-959225454aed\" style=\"font-weight: normal;\"><span style=\"color: rgb(0, 0, 0); background-color: transparent; font-weight: 400; font-style: normal; font-variant: normal; text-decoration: none; vertical-align: baseline; white-space: pre-wrap;\">Độ dàn chân cũng có nghĩa bên phải thay đổi một số cấu tạo bên trong của chiếc xe như hệ thống phanh, lốp và động cơ. Sự thay đổi này sẽ giúp cho xe Wave có trọng lượng nhỏ hơn và nâng cao được gia tốc.</span></strong></p> <h3 dir=\"ltr\" style=\"line-height: 1.7999999999999998; margin-top: 10pt; margin-bottom: 10pt;\" id=\"b-heading-H3-7\"><strong id=\"docs-internal-guid-b9c8954e-7fff-7928-8139-959225454aed\" style=\"font-weight: normal;\"><span style=\"color: rgb(0, 0, 0); background-color: transparent; font-weight: 400; font-style: normal; font-variant: normal; text-decoration: none; vertical-align: baseline; white-space: pre-wrap;\">2.5 Kiểu độ Exciter đầy mới lạ</span></strong></h3> <p><strong id=\"docs-internal-guid-b9c8954e-7fff-7928-8139-959225454aed\" style=\"font-weight: normal;\"><span style=\"color: rgb(0, 0, 0); background-color: transparent; font-weight: 400; font-style: normal; font-variant: normal; text-decoration: none; vertical-align: baseline; white-space: pre-wrap;\">Bạn đã bao giờ tưởng tượng ra xe Honda Wave lại khoác lên mình kiểu áo của Exciter sẽ trông như thế nào chưa? </span><a style=\"text-decoration: none;\" href=\"https://www.coolmate.me/\"><span style=\"color: rgb(17, 85, 204); background-color: transparent; font-weight: 400; font-style: normal; font-variant: normal; text-decoration: underline; text-decoration-skip-ink: none; vertical-align: baseline; white-space: pre-wrap;\">Kingsman</span></a><span style=\"color: rgb(0, 0, 0); background-color: transparent; font-weight: 400; font-style: normal; font-variant: normal; text-decoration: none; vertical-align: baseline; white-space: pre-wrap;\"> tin rằng đó sẽ là chiếc xe siêu độc đáo nhưng không kém phần hầm hố và cool ngầu.</span></strong></p> <p><strong id=\"docs-internal-guid-321ec72d-7fff-97ce-f02f-88ef59f23c41\" style=\"font-weight: normal;\"></strong></p> <p dir=\"ltr\"><strong id=\"docs-internal-guid-321ec72d-7fff-97ce-f02f-88ef59f23c41\" style=\"font-weight: normal;\"><span style=\"color: rgb(0, 0, 0); background-color: transparent; font-weight: 400; font-style: normal; font-variant: normal; text-decoration: none; vertical-align: baseline; white-space: pre-wrap;\"><span style=\"border: none; overflow: hidden; width: 600px; height: 473px;\"><img style=\"display: block; margin-left: auto; margin-right: auto;\" src=\"https://mcdn.coolmate.me/image/June2022/mau-xe-wave-do-cuc-chat_829.jpg\" alt=\"mau-xe-wave-do-cuc-chat\"></span></span></strong></p> <p dir=\"ltr\" style=\"line-height: 1.8; margin-top: 10pt; margin-bottom: 10pt; text-align: center;\"><em><strong id=\"docs-internal-guid-321ec72d-7fff-97ce-f02f-88ef59f23c41\" style=\"font-weight: normal;\"><span style=\"color: rgb(0, 0, 0); background-color: transparent; font-weight: 400; font-variant: normal; text-decoration: none; vertical-align: baseline; white-space: pre-wrap;\">Kiểu độ Exciter sẽ khiến cho chiếc xe trở nên độc đáo nhưng không kém phần cool ngầu</span></strong></em></p> <p dir=\"ltr\"><strong id=\"docs-internal-guid-321ec72d-7fff-97ce-f02f-88ef59f23c41\" style=\"font-weight: normal;\"><span style=\"color: rgb(0, 0, 0); background-color: transparent; font-weight: 400; font-style: normal; font-variant: normal; text-decoration: none; vertical-align: baseline; white-space: pre-wrap;\">Exciter luôn được biết đến với vẻ ngoài thu hút với nhiều chi tiết mới lạ. Chính vì vậy mà kiểu độ này sẽ giúp cho xe Wave trông khỏe khoắn hơn cùng với sự cải tiến cho bộ máy nên rất thích hợp với các bạn trẻ cá tính, muốn thử điều mới lạ. </span></strong></p> <h3 dir=\"ltr\" style=\"line-height: 1.7999999999999998; margin-top: 10pt; margin-bottom: 10pt;\" id=\"b-heading-H3-8\"><strong id=\"docs-internal-guid-321ec72d-7fff-97ce-f02f-88ef59f23c41\" style=\"font-weight: normal;\"><span style=\"color: rgb(0, 0, 0); background-color: transparent; font-weight: 400; font-style: normal; font-variant: normal; text-decoration: none; vertical-align: baseline; white-space: pre-wrap;\">2.6 Độ thành xe phân khối lớn </span></strong></h3> <p><strong id=\"docs-internal-guid-321ec72d-7fff-97ce-f02f-88ef59f23c41\" style=\"font-weight: normal;\"><span style=\"color: rgb(0, 0, 0); background-color: transparent; font-weight: 400; font-style: normal; font-variant: normal; text-decoration: none; vertical-align: baseline; white-space: pre-wrap;\">Từ khi hình ảnh của những chiếc </span><span style=\"color: rgb(0, 0, 0); background-color: transparent; font-weight: bold; font-style: normal; font-variant: normal; text-decoration: none; vertical-align: baseline; white-space: pre-wrap;\">xe Wave độ</span><span style=\"color: rgb(0, 0, 0); background-color: transparent; font-weight: 400; font-style: normal; font-variant: normal; text-decoration: none; vertical-align: baseline; white-space: pre-wrap;\"> theo kiểu phân phối lớn được chia sẻ trên các trang mạng xã hội thì đã làm xôn xao các dân chơi xe trong vòng nhiều ngày. Chứng tỏ sức hot của thiết kế này là không hề nhỏ. </span></strong></p> <p><strong id=\"docs-internal-guid-78ed1332-7fff-b76c-5546-a8fa1f981ab3\" style=\"font-weight: normal;\"></strong></p> <p dir=\"ltr\"><strong id=\"docs-internal-guid-78ed1332-7fff-b76c-5546-a8fa1f981ab3\" style=\"font-weight: normal;\"><span style=\"color: rgb(0, 0, 0); background-color: transparent; font-weight: 400; font-style: normal; font-variant: normal; text-decoration: none; vertical-align: baseline; white-space: pre-wrap;\"><span style=\"border: none; overflow: hidden; width: 600px; height: 396px;\"><img style=\"display: block; margin-left: auto; margin-right: auto;\" src=\"https://mcdn.coolmate.me/image/June2022/mau-xe-wave-do-cuc-chat_419.jpg\" alt=\"mau-xe-wave-do-cuc-chat\"></span></span></strong></p> <p dir=\"ltr\" style=\"text-align: center;\"><em><strong id=\"docs-internal-guid-78ed1332-7fff-b76c-5546-a8fa1f981ab3\" style=\"font-weight: normal;\"><span style=\"color: rgb(0, 0, 0); background-color: transparent; font-weight: 400; font-variant: normal; text-decoration: none; vertical-align: baseline; white-space: pre-wrap;\">Kiểu độ thành phân khối lớn luôn có một sức hút lớn đối với người chơi xe</span></strong></em></p> <p dir=\"ltr\"><strong id=\"docs-internal-guid-78ed1332-7fff-b76c-5546-a8fa1f981ab3\" style=\"font-weight: normal;\"><span style=\"color: rgb(0, 0, 0); background-color: transparent; font-weight: 400; font-style: normal; font-variant: normal; text-decoration: none; vertical-align: baseline; white-space: pre-wrap;\">Việc biến một chiếc xe Wave Honda thành phân phối lớn là điều vô cùng khó bởi nó gần như thay đổi toàn bộ các thiết bị bên trong và tốn kém rất nhiều chi phí. Tuy nhiên thành quả của nó mang đến sẽ không làm bạn phải thất vọng.  </span></strong></p> <h3 dir=\"ltr\" style=\"line-height: 1.7999999999999998; margin-top: 10pt; margin-bottom: 10pt;\" id=\"b-heading-H3-9\"><strong id=\"docs-internal-guid-78ed1332-7fff-b76c-5546-a8fa1f981ab3\" style=\"font-weight: normal;\"><span style=\"color: rgb(0, 0, 0); background-color: transparent; font-weight: 400; font-style: normal; font-variant: normal; text-decoration: none; vertical-align: baseline; white-space: pre-wrap;\">2.7 Kiểu độ Classic cho giới chơi xe</span></strong></h3> <p><strong id=\"docs-internal-guid-78ed1332-7fff-b76c-5546-a8fa1f981ab3\" style=\"font-weight: normal;\"><span style=\"color: rgb(0, 0, 0); background-color: transparent; font-weight: 400; font-style: normal; font-variant: normal; text-decoration: none; vertical-align: baseline; white-space: pre-wrap;\">Với những bạn yêu thích kiểu dáng cổ điển thì chắc chắn không thể bỏ qua mẫu </span><span style=\"color: rgb(0, 0, 0); background-color: transparent; font-weight: bold; font-style: normal; font-variant: normal; text-decoration: none; vertical-align: baseline; white-space: pre-wrap;\">xe Wave độ</span><span style=\"color: rgb(0, 0, 0); background-color: transparent; font-weight: 400; font-style: normal; font-variant: normal; text-decoration: none; vertical-align: baseline; white-space: pre-wrap;\"> này. Trong thiết kế này, xe sẽ không bị thay đổi quá nhiều về hình dáng ban đầu mà tập trung nâng cấp cho các động cơ bên trong.</span></strong></p> <p><strong id=\"docs-internal-guid-d393f646-7fff-d920-2c0e-7fba47969afa\" style=\"font-weight: normal;\"></strong></p> <p dir=\"ltr\"><strong id=\"docs-internal-guid-d393f646-7fff-d920-2c0e-7fba47969afa\" style=\"font-weight: normal;\"><span style=\"color: rgb(0, 0, 0); background-color: transparent; font-weight: 400; font-style: normal; font-variant: normal; text-decoration: none; vertical-align: baseline; white-space: pre-wrap;\"><span style=\"border: none; overflow: hidden; width: 600px; height: 450px;\"><img style=\"display: block; margin-left: auto; margin-right: auto;\" src=\"https://mcdn.coolmate.me/image/June2022/mau-xe-wave-do-cuc-chat_564.jpg\" alt=\"mau-xe-wave-do-cuc-chat\"></span></span></strong></p> <p dir=\"ltr\" style=\"text-align: center;\"><em><strong id=\"docs-internal-guid-d393f646-7fff-d920-2c0e-7fba47969afa\" style=\"font-weight: normal;\"><span style=\"color: rgb(0, 0, 0); background-color: transparent; font-weight: 400; font-variant: normal; text-decoration: none; vertical-align: baseline; white-space: pre-wrap;\">Với những bạn yêu thích kiểu dáng cổ điển thì không thể bỏ qua mẫu xe Wave Classic độ</span></strong></em></p> <p dir=\"ltr\"><strong id=\"docs-internal-guid-d393f646-7fff-d920-2c0e-7fba47969afa\" style=\"font-weight: normal;\"><span style=\"color: rgb(0, 0, 0); background-color: transparent; font-weight: 400; font-style: normal; font-variant: normal; text-decoration: none; vertical-align: baseline; white-space: pre-wrap;\">Thay đổi đầu tiên của chiếc xe này là ở phần tay thắng, tiếp đến là sự trang bị của cùm ga và cuối cùng là thêm 2 dây ga. Việc độ hoàn toàn mới với những chi tiết chất lượng nhất sẽ không chỉ khiến xe Wave thêm phần sang xịn mà còn giúp người đi xe an toàn hơn trong khi lái. </span></strong></p> <h3 dir=\"ltr\" style=\"line-height: 1.7999999999999998; margin-top: 10pt; margin-bottom: 10pt;\" id=\"b-heading-H3-10\"><strong id=\"docs-internal-guid-d393f646-7fff-d920-2c0e-7fba47969afa\" style=\"font-weight: normal;\"><span style=\"color: rgb(0, 0, 0); background-color: transparent; font-weight: 400; font-style: normal; font-variant: normal; text-decoration: none; vertical-align: baseline; white-space: pre-wrap;\">2.8 Độ dàn chơi khủng cho xe Wave</span></strong></h3> <p dir=\"ltr\"><strong id=\"docs-internal-guid-d393f646-7fff-d920-2c0e-7fba47969afa\" style=\"font-weight: normal;\"><span style=\"color: rgb(0, 0, 0); background-color: transparent; font-weight: 400; font-style: normal; font-variant: normal; text-decoration: none; vertical-align: baseline; white-space: pre-wrap;\">Độ dàn chơi khủng cho xe Wave cũng giống với Classic là sẽ cải tiến toàn bộ các thiết bị bên trong. Tuy nhiên các chi tiết được thay thế sẽ đa dạng về màu sắc lẫn hình dáng hơn. Từ đó giúp chiếc xe trở nên hiện đại cá tính mà không còn kiểu dáng cổ điển nữa. </span></strong></p> <p><strong id=\"docs-internal-guid-8d091405-7fff-030b-b7e7-01f582827d4e\" style=\"font-weight: normal;\"></strong></p> <p dir=\"ltr\"><strong id=\"docs-internal-guid-8d091405-7fff-030b-b7e7-01f582827d4e\" style=\"font-weight: normal;\"><span style=\"color: rgb(0, 0, 0); background-color: transparent; font-weight: 400; font-style: normal; font-variant: normal; text-decoration: none; vertical-align: baseline; white-space: pre-wrap;\"><span style=\"border: none; overflow: hidden; width: 600px; height: 413px;\"><img style=\"display: block; margin-left: auto; margin-right: auto;\" src=\"https://mcdn.coolmate.me/image/June2022/mau-xe-wave-do-cuc-chat_552.jpg\" alt=\"mau-xe-wave-do-cuc-chat\"></span></span></strong></p> <p dir=\"ltr\" style=\"line-height: 1.8; margin-top: 10pt; margin-bottom: 10pt; text-align: center;\"><em><strong id=\"docs-internal-guid-8d091405-7fff-030b-b7e7-01f582827d4e\" style=\"font-weight: normal;\"><span style=\"color: rgb(0, 0, 0); background-color: transparent; font-weight: 400; font-variant: normal; text-decoration: none; vertical-align: baseline; white-space: pre-wrap;\">Độ dàn chơi khủng không chỉ giúp xe thêm phần sang xịn mà còn nâng cấp chất lượng</span></strong></em></p> <p dir=\"ltr\"><strong id=\"docs-internal-guid-8d091405-7fff-030b-b7e7-01f582827d4e\" style=\"font-weight: normal;\"><span style=\"color: rgb(0, 0, 0); background-color: transparent; font-weight: 400; font-style: normal; font-variant: normal; text-decoration: none; vertical-align: baseline; white-space: pre-wrap;\">Những điểm nổi bật nhất của kiểu </span><span style=\"color: rgb(0, 0, 0); background-color: transparent; font-weight: bold; font-style: normal; font-variant: normal; text-decoration: none; vertical-align: baseline; white-space: pre-wrap;\">độ xe Wave</span><span style=\"color: rgb(0, 0, 0); background-color: transparent; font-weight: 400; font-style: normal; font-variant: normal; text-decoration: none; vertical-align: baseline; white-space: pre-wrap;\"> này thể hiện qua cùm tay thắng khi được thêm những con ốc Proti vô cùng bắt mắt. Hoặc những chi tiết nhỏ như cổ pô, đèn xe cũng được đổi màu để trông thu hút, ấn tượng hơn với người nhìn.</span></strong></p> <h2 dir=\"ltr\" style=\"line-height: 1.7999999999999998; margin-top: 10pt; margin-bottom: 10pt;\" id=\"b-heading-H2-11\"><strong id=\"docs-internal-guid-8d091405-7fff-030b-b7e7-01f582827d4e\" style=\"font-weight: normal;\"><span style=\"color: rgb(0, 0, 0); background-color: transparent; font-weight: bold; font-style: normal; font-variant: normal; text-decoration: none; vertical-align: baseline; white-space: pre-wrap;\">3. Những lưu ý cần thiết khi độ xe Wave</span></strong></h2> <p dir=\"ltr\"><strong id=\"docs-internal-guid-8d091405-7fff-030b-b7e7-01f582827d4e\" style=\"font-weight: normal;\"><span style=\"color: rgb(0, 0, 0); background-color: transparent; font-weight: 400; font-style: normal; font-variant: normal; text-decoration: none; vertical-align: baseline; white-space: pre-wrap;\">Là một dân chơi xe chính hiệu, ngoài việc tìm hiểu các mẫu </span><span style=\"color: rgb(0, 0, 0); background-color: transparent; font-weight: bold; font-style: normal; font-variant: normal; text-decoration: none; vertical-align: b','images/blog/nhung-chiec-wave-do-dep.jpg','Trong những năm trở lại đây, xe Wave độ đã trở thành một trào lưu phổ biến và được quan tâm bởi rất nhiều người. Việc độ cho chiếc xe không chỉ giúp cải thiện chất lượng mà còn thỏa mãn niềm đam mê tốc độ cũng như sáng tạo ở các bạn trẻ. Vậy đâu là những mẫu xe độ đẹp nhất ở Việt Nam?',3,_binary ''),(3,'Ngày lễ thất tịch nên làm gì và không nên làm gì?',1,'2023-05-29 17:00:00','<div class=\"\" rel-script=\"blog-detail\"><p><strong id=\"docs-internal-guid-0fb49fde-7fff-51fe-876b-b6624ebc1b7f\" style=\"font-weight: normal;\"></strong></p> <p dir=\"ltr\" style=\"text-align: justify;\"><strong id=\"docs-internal-guid-0fb49fde-7fff-51fe-876b-b6624ebc1b7f\" style=\"font-weight: normal;\"><span style=\"color: rgb(0, 0, 0); background-color: transparent; font-weight: 400; font-style: normal; font-variant: normal; text-decoration: none; vertical-align: baseline; white-space: pre-wrap;\">Sau một quãng thời gian dài xa cách, đến ngày 7/7 âm hàng năm, Ngưu Lang và Chức Nữ mới có thể gặp lại nhau. Bởi vậy, nhiều nước phương Đông đã coi đây là ngày lễ tình yêu. Vậy ngày </span><span style=\"color: rgb(0, 0, 0); background-color: transparent; font-weight: bold; font-style: normal; font-variant: normal; text-decoration: none; vertical-align: baseline; white-space: pre-wrap;\">thất tịch nên làm gì</span><span style=\"color: rgb(0, 0, 0); background-color: transparent; font-weight: 400; font-style: normal; font-variant: normal; text-decoration: none; vertical-align: baseline; white-space: pre-wrap;\">? Bạn đã biết việc nên làm và không nên làm trong ngày này chưa? Hãy cùng tìm hiểu với KingsBooks nhé!</span></strong></p> <p dir=\"ltr\" style=\"text-align: justify;\"><strong style=\"font-weight: normal;\"><span style=\"color: rgb(0, 0, 0); background-color: transparent; font-weight: 400; font-style: normal; font-variant: normal; text-decoration: none; vertical-align: baseline; white-space: pre-wrap;\"><strong id=\"docs-internal-guid-0fb49fde-7fff-51fe-876b-b6624ebc1b7f\" style=\"font-weight: normal;\"><span style=\"color: rgb(0, 0, 0); background-color: transparent; font-weight: 400; font-style: normal; font-variant: normal; text-decoration: none; vertical-align: baseline; white-space: pre-wrap;\"><span style=\"border: none; overflow: hidden; width: 600px; height: 431px;\"><img style=\"display: block; margin-left: auto; margin-right: auto;\" src=\"https://mcdn.coolmate.me/image/June2022/that-tich-nen-lam-gi_447.jpg\" alt=\" Thất tịch nên làm gì?\" width=\"600\" height=\"431\"></span></span></strong></span></strong></p> <p dir=\"ltr\" style=\"text-align: center;\"><em><strong style=\"font-weight: normal;\"><span style=\"color: rgb(0, 0, 0); background-color: transparent; font-weight: 400; font-variant: normal; text-decoration: none; vertical-align: baseline; white-space: pre-wrap;\"><strong style=\"font-weight: normal;\">Thất tịch nên làm gì?</strong></span></strong></em></p> <h2 dir=\"ltr\" style=\"line-height: 1.295; margin-top: 2pt; margin-bottom: 0pt;\" id=\"b-heading-H2-1\"><strong id=\"docs-internal-guid-0fb49fde-7fff-51fe-876b-b6624ebc1b7f\" style=\"font-weight: normal;\"><span style=\"color: rgb(68, 114, 196); background-color: transparent; font-weight: 400; font-style: normal; font-variant: normal; text-decoration: none; vertical-align: baseline; white-space: pre-wrap;\">Ý nghĩa của <a href=\"https://www.coolmate.me/post/le-that-tich-la-gi\" target=\"_blank\" rel=\"noopener\">lễ thất tịch là gì?</a></span></strong></h2> <p dir=\"ltr\" style=\"text-align: justify;\"><strong id=\"docs-internal-guid-0fb49fde-7fff-51fe-876b-b6624ebc1b7f\" style=\"font-weight: normal;\"><span style=\"color: rgb(0, 0, 0); background-color: transparent; font-weight: 400; font-style: normal; font-variant: normal; text-decoration: none; vertical-align: baseline; white-space: pre-wrap;\">Lễ thất tịch sắp đến, bạn có biết ý nghĩa của ngày này là gì? Lễ này có nguồn gốc từ Trung Quốc dựa trên câu chuyện cổ tích của Ngưu Lang và Chức Nữ. Với các nước châu Á, ngày này được coi là ngày lễ tình nhân của người châu Á. </span></strong></p> <p dir=\"ltr\" style=\"text-align: justify;\"><strong id=\"docs-internal-guid-0fb49fde-7fff-51fe-876b-b6624ebc1b7f\" style=\"font-weight: normal;\"><span style=\"color: rgb(0, 0, 0); background-color: transparent; font-weight: 400; font-style: normal; font-variant: normal; text-decoration: none; vertical-align: baseline; white-space: pre-wrap;\">Ngưu Lang là một vị thần chăn trâu, Chức Nữ là một tiên nữ dệt vải, cả 2 đã say mê và phải lòng nhau. Hai người kết duyên vợ chồng và sinh được 2 người con, trải qua những ngày tháng hạnh phúc bên nhau.</span></strong></p> <p dir=\"ltr\" style=\"text-align: center;\"><strong id=\"docs-internal-guid-0fb49fde-7fff-51fe-876b-b6624ebc1b7f\" style=\"font-weight: normal;\"><span style=\"color: rgb(0, 0, 0); background-color: transparent; font-weight: 400; font-style: normal; font-variant: normal; text-decoration: none; vertical-align: baseline; white-space: pre-wrap;\"><span style=\"border: none; overflow: hidden; width: 600px; height: 342px;\"><img style=\"display: block; margin-left: auto; margin-right: auto;\" src=\"https://mcdn.coolmate.me/image/June2022/that-tich-nen-lam-gi_790.jpg\" alt=\"Mối tình sâu đậm giữa Ngưu Lang và Chức Nữ\" width=\"600\" height=\"342\"></span></span></strong></p> <p dir=\"ltr\" style=\"text-align: center;\"><strong id=\"docs-internal-guid-0fb49fde-7fff-51fe-876b-b6624ebc1b7f\" style=\"font-weight: normal;\"><span style=\"color: rgb(0, 0, 0); background-color: transparent; font-weight: 400; font-style: italic; font-variant: normal; text-decoration: none; vertical-align: baseline; white-space: pre-wrap;\">Mối tình sâu đậm giữa Ngưu Lang và Chức Nữ</span></strong></p> <p dir=\"ltr\" style=\"text-align: justify;\"><strong id=\"docs-internal-guid-0fb49fde-7fff-51fe-876b-b6624ebc1b7f\" style=\"font-weight: normal;\"><span style=\"color: rgb(0, 0, 0); background-color: transparent; font-weight: 400; font-style: normal; font-variant: normal; text-decoration: none; vertical-align: baseline; white-space: pre-wrap;\">Đến một ngày, Chức Nữ phải về trời theo lệnh của Ngọc Hoàng. Vì thương nhớ nàng nên Ngưu Lang đã đuổi theo. Khi đến sông Thiên Hà thì không lên được và Ngưu Lang đã quyết tâm ở lại đó để đợi Chức Nữ. Từ đó, bên sông Thiên Hà xuất hiện thêm một ngôi sao, mọi người gọi đó là sao Ngưu Lang.</span></strong></p> <p dir=\"ltr\" style=\"text-align: justify;\"><strong id=\"docs-internal-guid-0fb49fde-7fff-51fe-876b-b6624ebc1b7f\" style=\"font-weight: normal;\"><span style=\"color: rgb(0, 0, 0); background-color: transparent; font-weight: 400; font-style: normal; font-variant: normal; text-decoration: none; vertical-align: baseline; white-space: pre-wrap;\">Ngọc Hoàng đã phạt cả 2 phải ở xa cách nhau và chỉ được gặp vào ngày 7/7 âm lịch. Bởi ý nghĩa đó mà ngày này được giới trẻ chú ý nhiều. Họ tìm hiểu về phong tục trong ngày này và ghi chú lại </span><span style=\"color: rgb(0, 0, 0); background-color: transparent; font-weight: bold; font-style: normal; font-variant: normal; text-decoration: none; vertical-align: baseline; white-space: pre-wrap;\">thất tịch nên làm gì? </span><span style=\"color: rgb(0, 0, 0); background-color: transparent; font-weight: 400; font-style: normal; font-variant: normal; text-decoration: none; vertical-align: baseline; white-space: pre-wrap;\">Những thông tin bên dưới sẽ trả lời cho bạn. </span></strong></p> <h2 dir=\"ltr\" style=\"line-height: 1.295; margin-top: 2pt; margin-bottom: 0pt;\" id=\"b-heading-H2-2\"><strong id=\"docs-internal-guid-0fb49fde-7fff-51fe-876b-b6624ebc1b7f\" style=\"font-weight: normal;\"><span style=\"color: rgb(68, 114, 196); background-color: transparent; font-weight: 400; font-style: normal; font-variant: normal; text-decoration: none; vertical-align: baseline; white-space: pre-wrap;\">Ngày thất tịch nên làm gì để may mắn?</span></strong></h2> <p dir=\"ltr\" style=\"text-align: justify;\"><strong id=\"docs-internal-guid-0fb49fde-7fff-51fe-876b-b6624ebc1b7f\" style=\"font-weight: normal;\"><span style=\"color: rgb(0, 0, 0); background-color: transparent; font-weight: 400; font-style: normal; font-variant: normal; text-decoration: none; vertical-align: baseline; white-space: pre-wrap;\">Bởi được mệnh danh là ngày lễ tình yêu nên nhiều bạn trẻ cũng luôn mong muốn biết </span><span style=\"color: rgb(0, 0, 0); background-color: transparent; font-weight: bold; font-style: normal; font-variant: normal; text-decoration: none; vertical-align: baseline; white-space: pre-wrap;\">thất tịch nên làm gì? </span><span style=\"color: rgb(0, 0, 0); background-color: transparent; font-weight: 400; font-style: normal; font-variant: normal; text-decoration: none; vertical-align: baseline; white-space: pre-wrap;\">Cần làm gi để may mắn, tìm được tình duyên của đời mình? Để hạnh phúc, may mắn hơn, bạn có thể lam một số điều như sau:</span></strong></p> <h3 dir=\"ltr\" style=\"line-height: 1.2; margin-top: 0pt; margin-bottom: 8pt;\" id=\"b-heading-H3-3\"><strong id=\"docs-internal-guid-0fb49fde-7fff-51fe-876b-b6624ebc1b7f\" style=\"font-weight: normal;\"><span style=\"color: rgb(68, 114, 196); background-color: transparent; font-weight: 400; font-style: normal; font-variant: normal; text-decoration: none; vertical-align: baseline; white-space: pre-wrap;\">Đi lễ chùa để cầu duyên, cầu bình an</span></strong></h3> <p dir=\"ltr\" style=\"text-align: justify;\"><strong id=\"docs-internal-guid-0fb49fde-7fff-51fe-876b-b6624ebc1b7f\" style=\"font-weight: normal;\"><span style=\"color: rgb(0, 0, 0); background-color: transparent; font-weight: 400; font-style: normal; font-variant: normal; text-decoration: none; vertical-align: baseline; white-space: pre-wrap;\">Không biết từ bao giờ, việc đi lễ chùa vào ngày thất tịch 7/7 đã trở thành một thói quen của nhiều người. Và trong cuộc sống hiện đại ngày này, việc các bạn trẻ có xu hướng đi cầu chùa khấn phật vào ngày này nhiều hơn.</span></strong></p> <p dir=\"ltr\" style=\"text-align: center;\"><strong id=\"docs-internal-guid-0fb49fde-7fff-51fe-876b-b6624ebc1b7f\" style=\"font-weight: normal;\"><span style=\"color: rgb(0, 0, 0); background-color: transparent; font-weight: 400; font-style: normal; font-variant: normal; text-decoration: none; vertical-align: baseline; white-space: pre-wrap;\"><span style=\"border: none; overflow: hidden; width: 600px; height: 400px;\"><img style=\"display: block; margin-left: auto; margin-right: auto;\" src=\"https://mcdn.coolmate.me/image/June2022/that-tich-nen-lam-gi_153.jpg\" alt=\"Xu hướng đi khấn phật vào ngày này ngày càng nhiều hơn\" width=\"600\" height=\"400\"></span></span></strong></p> <p dir=\"ltr\" style=\"text-align: center;\"><strong id=\"docs-internal-guid-0fb49fde-7fff-51fe-876b-b6624ebc1b7f\" style=\"font-weight: normal;\"><span style=\"color: rgb(0, 0, 0); background-color: transparent; font-weight: 400; font-style: italic; font-variant: normal; text-decoration: none; vertical-align: baseline; white-space: pre-wrap;\">Xu hướng đi khấn phật vào ngày này ngày càng nhiều hơn</span></strong></p> <p dir=\"ltr\"><strong id=\"docs-internal-guid-0fb49fde-7fff-51fe-876b-b6624ebc1b7f\" style=\"font-weight: normal;\"><span style=\"color: rgb(0, 0, 0); background-color: transparent; font-weight: 400; font-style: normal; font-variant: normal; text-decoration: none; vertical-align: baseline; white-space: pre-wrap;\">Điều này vừa giúp tâm con người trở nên thanh tịnh, thoải mái vừa giúp các cặp đôi có thể cầu nguyện cho tình yêu thêm bền chặt. Người còn độc thân thì sẽ cầu gặp được một nửa kia của mình. Những người có gia đình có thể cầu bình an, may mắn và hạnh phúc.</span></strong></p> <h3 dir=\"ltr\" style=\"line-height: 1.2; margin-top: 0pt; margin-bottom: 8pt;\" id=\"b-heading-H3-4\"><strong id=\"docs-internal-guid-0fb49fde-7fff-51fe-876b-b6624ebc1b7f\" style=\"font-weight: normal;\"><span style=\"color: rgb(68, 114, 196); background-color: transparent; font-weight: 400; font-style: normal; font-variant: normal; text-decoration: none; vertical-align: baseline; white-space: pre-wrap;\">Làm nhiều điều tốt, sống thiện lương</span></strong></h3> <p dir=\"ltr\"><strong id=\"docs-internal-guid-0fb49fde-7fff-51fe-876b-b6624ebc1b7f\" style=\"font-weight: normal;\"><span style=\"color: rgb(0, 0, 0); background-color: transparent; font-weight: 400; font-style: normal; font-variant: normal; text-decoration: none; vertical-align: baseline; white-space: pre-wrap;\">Trên thực tế, ngày lễ thất tịch có ý nghĩa tâm linh rất đặc biệt. Cho nên, muốn gặp may mắn, bình an thì hay làm nhiều điều thiện trong ngày này. Các công việc tốt đẹp cũng sẽ giúp bạn tích đức nhiều hơn trong tương lai.</span></strong></p> <p dir=\"ltr\" style=\"text-align: center;\"><strong id=\"docs-internal-guid-0fb49fde-7fff-51fe-876b-b6624ebc1b7f\" style=\"font-weight: normal;\"><span style=\"color: rgb(0, 0, 0); background-color: transparent; font-weight: 400; font-style: normal; font-variant: normal; text-decoration: none; vertical-align: baseline; white-space: pre-wrap;\"><span style=\"border: none; overflow: hidden; width: 600px; height: 364px;\"><img style=\"display: block; margin-left: auto; margin-right: auto;\" src=\"https://mcdn.coolmate.me/image/June2022/that-tich-nen-lam-gi_226.jpg\" alt=\"Thất tịch nên làm gì? Hãy hàm nhiều điều tốt để vừa tích đức, vừa may mắn\" width=\"600\" height=\"364\"></span></span></strong></p> <p dir=\"ltr\" style=\"text-align: center;\"><strong id=\"docs-internal-guid-0fb49fde-7fff-51fe-876b-b6624ebc1b7f\" style=\"font-weight: normal;\"><span style=\"color: rgb(0, 0, 0); background-color: transparent; font-weight: 400; font-style: italic; font-variant: normal; text-decoration: none; vertical-align: baseline; white-space: pre-wrap;\">Thất tịch nên làm gì? Hãy hàm nhiều điều tốt để vừa tích đức, vừa may mắn</span></strong></p> <p dir=\"ltr\" style=\"text-align: justify;\"><strong id=\"docs-internal-guid-0fb49fde-7fff-51fe-876b-b6624ebc1b7f\" style=\"font-weight: normal;\"><span style=\"color: rgb(0, 0, 0); background-color: transparent; font-weight: 400; font-style: normal; font-variant: normal; text-decoration: none; vertical-align: baseline; white-space: pre-wrap;\">Tuy nhiên, không chỉ ngày này, bạn hãy sống thiện lượng, sống có đức, làm việc thiện bất cứ ngày nào. Để được nhiều điều tốt lành, gia đình có cuộc sống bình an, vui vẻ, hãy làm việc thiện luôn luôn nhé.</span></strong></p> <h3 dir=\"ltr\" style=\"line-height: 1.2; margin-top: 0pt; margin-bottom: 8pt;\" id=\"b-heading-H3-5\"><strong id=\"docs-internal-guid-0fb49fde-7fff-51fe-876b-b6624ebc1b7f\" style=\"font-weight: normal;\"><span style=\"color: rgb(68, 114, 196); background-color: transparent; font-weight: 400; font-style: normal; font-variant: normal; text-decoration: none; vertical-align: baseline; white-space: pre-wrap;\">Tặng quà cho người thân, đặc biệt là chồng/vợ mình</span></strong></h3> <p dir=\"ltr\" style=\"text-align: justify;\"><strong id=\"docs-internal-guid-0fb49fde-7fff-51fe-876b-b6624ebc1b7f\" style=\"font-weight: normal;\"><span style=\"color: rgb(0, 0, 0); background-color: transparent; font-weight: 400; font-style: normal; font-variant: normal; text-decoration: none; vertical-align: baseline; white-space: pre-wrap;\">Việc tặng quà cho đối phương là việc thể hiện lời yêu thương và cũng là lời tỏ tình rõ nhất trong tình yêu. Vậy nên, các đôi sẽ tặng quà cho nhau, hoặc vợ chồng trao nhau những món đồ mà đối phương thích nhằm mong muốn một tương lai an lành.</span></strong></p> <p dir=\"ltr\" style=\"text-align: center;\"><strong id=\"docs-internal-guid-0fb49fde-7fff-51fe-876b-b6624ebc1b7f\" style=\"font-weight: normal;\"><span style=\"color: rgb(0, 0, 0); background-color: transparent; font-weight: 400; font-style: normal; font-variant: normal; text-decoration: none; vertical-align: baseline; white-space: pre-wrap;\"><span style=\"border: none; overflow: hidden; width: 600px; height: 352px;\"><img style=\"display: block; margin-left: auto; margin-right: auto;\" src=\"https://mcdn.coolmate.me/image/June2022/that-tich-nen-lam-gi_728.jpg\" alt=\"Hãy bất ngờ tặng quà cho nửa kia của mình\" width=\"600\" height=\"352\"></span></span></strong></p> <p dir=\"ltr\" style=\"text-align: center;\"><strong id=\"docs-internal-guid-0fb49fde-7fff-51fe-876b-b6624ebc1b7f\" style=\"font-weight: normal;\"><span style=\"color: rgb(0, 0, 0); background-color: transparent; font-weight: 400; font-style: italic; font-variant: normal; text-decoration: none; vertical-align: baseline; white-space: pre-wrap;\">Hãy bất ngờ tặng quà cho nửa kia của mình</span></strong></p> <h3 dir=\"ltr\" style=\"line-height: 1.2; margin-top: 0pt; margin-bottom: 8pt;\" id=\"b-heading-H3-6\"><strong id=\"docs-internal-guid-0fb49fde-7fff-51fe-876b-b6624ebc1b7f\" style=\"font-weight: normal;\"><span style=\"color: rgb(68, 114, 196); background-color: transparent; font-weight: 400; font-style: normal; font-variant: normal; text-decoration: none; vertical-align: baseline; white-space: pre-wrap;\">Thả đèn lồng</span></strong></h3> <p dir=\"ltr\" style=\"text-align: justify;\"><strong id=\"docs-internal-guid-0fb49fde-7fff-51fe-876b-b6624ebc1b7f\" style=\"font-weight: normal;\"><span style=\"color: rgb(0, 0, 0); background-color: transparent; font-weight: 400; font-style: normal; font-variant: normal; text-decoration: none; vertical-align: baseline; white-space: pre-wrap;\">Cùng với người yêu thả những đèn lồng cũng là việc không thể thiếu vào ngày này. Những chiếc đèn lồng đại diện cho những mong ước của các cặp đôi cho một tổ ấm lâu dài.</span></strong></p> <h2 dir=\"ltr\" style=\"line-height: 1.295; margin-top: 2pt; margin-bottom: 0pt;\" id=\"b-heading-H2-7\"><strong id=\"docs-internal-guid-0fb49fde-7fff-51fe-876b-b6624ebc1b7f\" style=\"font-weight: normal;\"><span style=\"color: rgb(68, 114, 196); background-color: transparent; font-weight: 400; font-style: normal; font-variant: normal; text-decoration: none; vertical-align: baseline; white-space: pre-wrap;\">Ngày thất tịch không nên làm gì?</span></strong></h2> <p dir=\"ltr\" style=\"text-align: justify;\"><strong id=\"docs-internal-guid-0fb49fde-7fff-51fe-876b-b6624ebc1b7f\" style=\"font-weight: normal;\"><span style=\"color: rgb(0, 0, 0); background-color: transparent; font-weight: 400; font-style: normal; font-variant: normal; text-decoration: none; vertical-align: baseline; white-space: pre-wrap;\">Đó là những việc mà </span><span style=\"color: rgb(0, 0, 0); background-color: transparent; font-weight: bold; font-style: normal; font-variant: normal; text-decoration: none; vertical-align: baseline; white-space: pre-wrap;\">thất tịch nên làm gì? </span><span style=\"color: rgb(0, 0, 0); background-color: transparent; font-weight: 400; font-style: normal; font-variant: normal; text-decoration: none; vertical-align: baseline; white-space: pre-wrap;\">Vậy còn những việc không nên làm trong ngày thất tịch là gì?</span></strong></p> <h3 dir=\"ltr\" style=\"line-height: 1.2; margin-top: 0pt; margin-bottom: 8pt;\" id=\"b-heading-H3-8\"><strong id=\"docs-internal-guid-0fb49fde-7fff-51fe-876b-b6624ebc1b7f\" style=\"font-weight: normal;\"><span style=\"color: rgb(68, 114, 196); background-color: transparent; font-weight: 400; font-style: normal; font-variant: normal; text-decoration: none; vertical-align: baseline; white-space: pre-wrap;\">Tổ chức đám cưới</span></strong></h3> <p dir=\"ltr\" style=\"text-align: justify;\"><strong id=\"docs-internal-guid-0fb49fde-7fff-51fe-876b-b6624ebc1b7f\" style=\"font-weight: normal;\"><span style=\"color: rgb(0, 0, 0); background-color: transparent; font-weight: 400; font-style: normal; font-variant: normal; text-decoration: none; vertical-align: baseline; white-space: pre-wrap;\">7/7 là ngày Ngưu Lang và Chức Nữ được gặp nhau nhưng cuộc đoàn tụ của họ không lâu thì lại phải chia xa. Họ lại phải sống trong sự nhung nhớ, chờ đợi. Vì thế, nhiều người quan niệm rằng ngày Thất tịch không may mắn. Không nên thực hiện việc cưới hỏi, bàn tính chuyện trăm năm.</span></strong></p> <p dir=\"ltr\" style=\"text-align: center;\"><strong id=\"docs-internal-guid-0fb49fde-7fff-51fe-876b-b6624ebc1b7f\" style=\"font-weight: normal;\"><span style=\"color: rgb(0, 0, 0); background-color: transparent; font-weight: 400; font-style: normal; font-variant: normal; text-decoration: none; vertical-align: baseline; white-space: pre-wrap;\"><span style=\"border: none; overflow: hidden; width: 600px; height: 381px;\"><img style=\"display: block; margin-left: auto; margin-right: auto;\" src=\"https://mcdn.coolmate.me/image/June2022/that-tich-nen-lam-gi_706.jpg\" alt=\"Không nên tổ chức đám cưới trong ngày 7/7\" width=\"600\" height=\"381\"></span></span></strong></p> <p dir=\"ltr\" style=\"text-align: center;\"><strong id=\"docs-internal-guid-0fb49fde-7fff-51fe-876b-b6624ebc1b7f\" style=\"font-weight: normal;\"><span style=\"color: rgb(0, 0, 0); background-color: transparent; font-weight: 400; font-style: italic; font-variant: normal; text-decoration: none; vertical-align: baseline; white-space: pre-wrap;\">Không nên tổ chức đám cưới trong ngày 7/7</span></strong></p> <h3 dir=\"ltr\" style=\"line-height: 1.2; margin-top: 0pt; margin-bottom: 8pt;\" id=\"b-heading-H3-9\"><strong id=\"docs-internal-guid-0fb49fde-7fff-51fe-876b-b6624ebc1b7f\" style=\"font-weight: normal;\"><span style=\"color: rgb(68, 114, 196); background-color: transparent; font-weight: 400; font-style: normal; font-variant: normal; text-decoration: none; vertical-align: baseline; white-space: pre-wrap;\">Xây nhà</span></strong></h3> <p dir=\"ltr\" style=\"text-align: justify;\"><strong id=\"docs-internal-guid-0fb49fde-7fff-51fe-876b-b6624ebc1b7f\" style=\"font-weight: normal;\"><span style=\"color: rgb(0, 0, 0); background-color: transparent; font-weight: 400; font-style: normal; font-variant: normal; text-decoration: none; vertical-align: baseline; white-space: pre-wrap;\">Vì sao không nên xây nhà trong ngày 7/7 – lễ thất tịch? Thực tế thì gày 7/7 thường có mưa ngâu nên ảnh hưởng không tốt đến tiến độ công việc. Hơn nữa, tháng 7 cũng là tháng “cô hồn”. Thời điểm này là thời điểm ma quỷ thường lên trần gian quấy phá… Vậy nên nhiều người sẽ kiêng làm các chuyện trọng đại.</span></strong></p> <h3 dir=\"ltr\" style=\"line-height: 1.2; margin-top: 0pt; margin-bottom: 8pt;\" id=\"b-heading-H3-10\"><strong id=\"docs-internal-guid-0fb49fde-7fff-51fe-876b-b6624ebc1b7f\" style=\"font-weight: normal;\"><span style=\"color: rgb(68, 114, 196); background-color: transparent; font-weight: 400; font-style: normal; font-variant: normal; text-decoration: none; vertical-align: baseline; white-space: pre-wrap;\">Kiêng làm chuyện ấy</span></strong></h3> <p dir=\"ltr\" style=\"text-align: justify;\"><strong id=\"docs-internal-guid-0fb49fde-7fff-51fe-876b-b6624ebc1b7f\" style=\"font-weight: normal;\"><span style=\"color: rgb(0, 0, 0); background-color: transparent; font-weight: 400; font-style: normal; font-variant: normal; text-decoration: none; vertical-align: baseline; white-space: pre-wrap;\">Bạn có thể tặng cho nhau những món quà chứa đựng tình cảm sâu sắc của mình hay là những lời nói ngọt ngào. Tuy nhiên, về “chuyện ấy” thì tuyệt đối không nên.</span></strong></p> <p dir=\"ltr\" style=\"text-align: justify;\"><strong id=\"docs-internal-guid-0fb49fde-7fff-51fe-876b-b6624ebc1b7f\" style=\"font-weight: normal;\"><span style=\"color: rgb(0, 0, 0); background-color: transparent; font-weight: 400; font-style: normal; font-variant: normal; text-decoration: none; vertical-align: baseline; white-space: pre-wrap;\">Dân gian quan niệm rằng tháng 7 âm khí vượng, quỷ môn quan mở, gây ảnh hưởng xấu tới cả tâm và sinh lý. Cho nên, bạn cần hạn chế làm chuyện ấy để tránh hao tổn sức lực, hạn chế tác động xấu tới sức khỏe.</span></strong></p> <p dir=\"ltr\" style=\"text-align: center;\"><strong id=\"docs-internal-guid-0fb49fde-7fff-51fe-876b-b6624ebc1b7f\" style=\"font-weight: normal;\"><span style=\"color: rgb(0, 0, 0); background-color: transparent; font-weight: 400; font-style: normal; font-variant: normal; text-decoration: none; vertical-align: baseline; white-space: pre-wrap;\"><span style=\"border: none; overflow: hidden; width: 600px; height: 355px;\"><img style=\"display: block; margin-left: auto; margin-right: auto;\" src=\"https://mcdn.coolmate.me/image/June2022/that-tich-nen-lam-gi_361.jpg\" alt=\"Kiêng kỵ chuyện ấy trong ngày 7/7\" width=\"600\" height=\"355\"></span></span></strong></p> <p dir=\"ltr\" style=\"text-align: center;\"><strong id=\"docs-internal-guid-0fb49fde-7fff-51fe-876b-b6624ebc1b7f\" style=\"font-weight: normal;\"><span style=\"color: rgb(0, 0, 0); background-color: transparent; font-weight: 400; font-style: italic; font-variant: normal; text-decoration: none; vertical-align: baseline; white-space: pre-wrap;\">Kiêng kỵ chuyện ấy trong ngày 7/7</span></strong></p> <h3 dir=\"ltr\" style=\"line-height: 1.2; margin-top: 0pt; margin-bottom: 8pt;\" id=\"b-heading-H3-11\"><strong id=\"docs-internal-guid-0fb49fde-7fff-51fe-876b-b6624ebc1b7f\" style=\"font-weight: normal;\"><span style=\"color: rgb(68, 114, 196); background-color: transparent; font-weight: 400; font-style: normal; font-variant: normal; text-decoration: none; vertical-align: baseline; white-space: pre-wrap;\">Không làm những chuyện ác</span></strong></h3> <p dir=\"ltr\" style=\"text-align: justify;\"><strong id=\"docs-internal-guid-0fb49fde-7fff-51fe-876b-b6624ebc1b7f\" style=\"font-weight: normal;\"><span style=\"color: rgb(0, 0, 0); background-color: transparent; font-weight: 400; font-style: normal; font-variant: normal; text-decoration: none; vertical-align: baseline; white-space: pre-wrap;\">Vào ngày này, bạn hãy chú ý đến hành động của mình, không nên làm điều ác. Đây cũng chính là cách để bạn tích đức, giúp cầu bình an, may mắn cho bản thân cũng như mọi người trong gia đình mình.</span></strong></p> <p dir=\"ltr\" style=\"text-align: justify;\"><strong id=\"docs-internal-guid-0fb49fde-7fff-51fe-876b-b6624ebc1b7f\" style=\"font-weight: normal;\"><span style=\"color: rgb(0, 0, 0); background-color: transparent; font-weight: 400; font-style: normal; font-variant: normal; text-decoration: none; vertical-align: baseline; white-space: pre-wrap;\">Ngày này cũng là dịp để trao yêu thương với người mà ta thầm thương trộm nhớ. Rất nhiều bạn trẻ đã “thoát ế” được nhờ chăm chỉ giữ kiêng giữ lành vào ngày đặc biệt này. </span></strong></p> <p style=\"text-align: justify;\"><strong id=\"docs-internal-guid-0fb49fde-7fff-51fe-876b-b6624ebc1b7f\" style=\"font-weight: normal;\"><span style=\"color: rgb(0, 0, 0); background-color: transparent; font-weight: 400; font-style: normal; font-variant: normal; text-decoration: none; vertical-align: baseline; white-space: pre-wrap;\">Vậy bạn đã biết ngày </span><span style=\"color: rgb(0, 0, 0); background-color: transparent; font-weight: bold; font-style: normal; font-variant: normal; text-decoration: none; vertical-align: baseline; white-space: pre-wrap;\">thất tịch nên làm gì</span><span style=\"color: rgb(0, 0, 0); background-color: transparent; font-weight: 400; font-style: normal; font-variant: normal; text-decoration: none; vertical-align: baseline; white-space: pre-wrap;\"> rồi chứ? Một ngày lễ thất tịch nữa lại sắp đến rồi, <a href=\"https://www.coolmate.me\" target=\"_blank\" rel=\"noopener\">KingsBooks</a> chúc bạn một dịp lễ may mắn và thật vui vẻ!</span></strong></p> <p></p><div class=\"info-box\"><p></p> <p><strong>Xem thêm</strong></p> <p class=\"article-grid__title\"><a href=\"https://www.coolmate.me/post/that-tich-khong-mua-la-gi\">Thất Tịch không mưa là gì? Tại sao Thất Tịch lại mưa?</a></p> <p class=\"article-grid__title\"><a href=\"https://www.coolmate.me/post/le-that-tich-la-gi\">Lễ Thất Tịch là gì? Nên và không nên ăn gì vào ngày lễ này</a></p> <p></p></div><p></p></div>','images/blog/that-tich-nen-lam-gi_790.jpeg','Ngày 7/7 – ngày thất tịch sắp đến, bạn đã biết thất tịch nên làm gì hay chưa? Ngày này nên kiêng điều gì để may mắn hơn? Hãy cùng khám phá với Kingsbook nhé!',3,_binary ''),(4,'KingsBook và ngày Quốc tế Thiếu Nhi năm 2023 đầy ý nghĩa',2,'2023-06-01 17:00:00','<div class=\"\" rel-script=\"blog-detail\"><p class=\"MsoNormal\"><span lang=\"EN-US\" style=\"mso-ansi-language: EN-US;\">Ngày Quốc tế thiếu nhi 1/6 luôn là một ngày đặc biệt trong năm, là ngày toàn thể xã hội ghi nhớ về quyền được chăm sóc và bảo vệ đặc biệt của trẻ em. Đây cũng là dịp để người lớn dành những món quà tặng, những chuyến đi chơi vui vẻ cho con trẻ trong nhà.</span></p> <p class=\"MsoNormal\"><span lang=\"EN-US\" style=\"mso-ansi-language: EN-US;\">KingsBooks vẫn luôn luôn quan tâm đến các thế hệ tương lai như vậy. Đặc biệt là dự án <strong>Care & Share</strong> với 10% doanh thu trích ra hàng tháng để nhận nuôi các em nhỏ trong Hệ sinh thái Nuôi em. Bạn có thể tìm hiểu thêm và ủng hộ các em nhỏ </span></p> <h2 id=\"b-heading-H2-1\"><span lang=\"EN-US\" style=\"mso-ansi-language: EN-US;\">Ngày 1/6 với trẻ em vùng cao</span></h2> <p class=\"MsoNormal\"><span lang=\"EN-US\" style=\"mso-ansi-language: EN-US;\">Vào dịp đầu năm 2023, hưởng ứng lời kêu gọi của Chủ tịch nước, Hội Nhà văn Việt Nam đã khởi xướng dự án \"Sách miễn phí cho trẻ em miền núi và vùng sâu, vùng xa\". Theo dự án này, mỗi năm khoảng 50.000 đến 100.000 cuốn sách thiếu nhi hay nhất, tiêu biểu nhất trong kho tàng văn học Việt Nam sẽ được các nhà văn Việt Nam mang tặng các em thiếu niên, nhi đồng toàn quốc. Những cuốn sách đều là sách mới, một phần nhỏ tặng thư viện nhà trường, còn phần lớn sẽ dành để tặng trực tiếp các em thiếu nhi. Thay vì chỉ được đọc tại thư viện - vốn không thuận tiện với trẻ em nghèo ở vùng sâu, vùng xa, sau giờ học ở trường thường phải phụ giúp bố mẹ việc nhà - các em được mang sách về nhà tận dụng thời gian rảnh rỗi đọc sách, trao đổi sách với nhau và để các thành viên trong gia đình cùng đọc.</span></p> <p class=\"MsoNormal\"><span lang=\"EN-US\" style=\"mso-ansi-language: EN-US;\"><img style=\"display: block; margin-left: auto; margin-right: auto;\"src=\"https://phunuvietnam.mediacdn.vn/thumb_w/700/179072216278405120/2022/10/30/a2-16671031508591959044624.jpg\" alt=\"KingsBooks và ngày quốc tế thiếu nhi 1/6 năm 2023 ý nghĩa\" width=\"750\" height=\"500\"></span></p> <p class=\"MsoNormal\"><span lang=\"EN-US\" style=\"mso-ansi-language: EN-US;\"><img style=\"display: block; margin-left: auto; margin-right: auto;\" src=\"https://th.bing.com/th/id/OIP.p3E5uSPSwTMQBk-RMMukKQHaD8?w=323&h=180&c=7&r=0&o=5&dpr=1.3&pid=1.7\" alt=\"KingsBooks và ngày quốc tế thiếu nhi 1/6 năm  ý nghĩa\" width=\"750\" height=\"500\"></span></p> <p class=\"MsoNormal\"><span lang=\"EN-US\" style=\"mso-ansi-language: EN-US;\"><img style=\"display: block; margin-left: auto; margin-right: auto;\" src=\"https://static-images.vnncdn.net/files/publish/2022/7/16/3chu-nhat-yeu-thuong-553.jpg\" alt=\"KingsBooks và ngày quốc tế thiếu nhi 1/6 năm 2023 ý nghĩa\" width=\"750\" height=\"500\"></span></p> <h2 id=\"b-heading-H2-2\"><span lang=\"EN-US\" style=\"mso-ansi-language: EN-US;\">Ngày 1/6 với những tình nguyện viên </span></h2> <p class=\"MsoNormal\"><span lang=\"EN-US\" style=\"mso-ansi-language: EN-US;\">Với tâm huyết và sự đam mê, những tình nguyện viên xông pha vào những cánh đồng xanh mướt, leo lên những dốc đồi đá để đến gặp gỡ các em nhỏ. Họ không chỉ mang theo những quyển sách đầy màu sắc và hấp dẫn, mà còn mang theo hy vọng và ước mơ về một tương lai tươi sáng cho các em. Những tình nguyện viên này không chỉ đơn thuần tặng sách, mà họ còn truyền cảm hứng và tạo điều kiện cho trẻ em yêu thích và tiếp cận với việc đọc sách.</span></p> <p class=\"MsoNormal\"><span lang=\"EN-US\" style=\"mso-ansi-language: EN-US;\">Không chỉ đơn thuần là những người tặng sách, những tình nguyện viên này còn trở thành những người bạn, những người thầy, người đồng hành trong cuộc sống của trẻ em vùng cao. Họ đồng hành trên con đường trưởng thành, đưa các em đi qua những trang sách đầy màu sắc, giúp các em vươn lên, phát triển khả năng tư duy và mở rộng kiến thức.</span></p> <p class=\"MsoNormal\"><span lang=\"EN-US\" style=\"mso-ansi-language: EN-US;\"><img style=\"display: block; margin-left: auto; margin-right: auto;\" src=\"https://static-images.vnncdn.net/files/publish/2022/7/16/4chu-nhat-yeu-thuong-554.jpg\" alt=\"KingsBooks và ngày 1/6 đầy ý nghĩa\" width=\"750\" height=\"500\"></span></p> <p class=\"MsoNormal\"><span lang=\"EN-US\" style=\"mso-ansi-language: EN-US;\"><img style=\"display: block; margin-left: auto; margin-right: auto;\" src=\"https://static-images.vnncdn.net/files/publish/2022/7/16/5-chu-nhat-yeu-thuong-555.jpg\" alt=\"KingsBooks và ngày 1/6 đầy ý nghĩa\" width=\"750\" height=\"\"></span></p> <p class=\"MsoNormal\"><span lang=\"EN-US\" style=\"mso-ansi-language: EN-US;\"><img style=\"display: block; margin-left: auto; margin-right: auto;\" src=\"https://vtv1.mediacdn.vn/thumb_w/650/2022/4/6/sach-164922281096960178514-crop-16492228197361235735436.jpg\" alt=\"KingsBooks và ngày 1/6 đầy ý nghĩa\" width=\"750\" height=\"\"></span></p> <p class=\"MsoNormal\"><span lang=\"EN-US\" style=\"mso-ansi-language: EN-US;\">','images/blog/262593_519484668113705_1827283193_n.jpg','1/6 là dịp đặc biệt để toàn thể xã hội gửi những món quà, những hoạt động vui chơi cho các em nhỏ. Và tại KingsBooks đây cũng là dịp ý nghĩa để gắn bó hơn với mọi người trong một tập thể.',4,_binary ''),(5,'Badboy là gì mà các nàng say đắm? Biểu hiện của anh chàng badboy',1,'2023-06-03 17:00:00','<div> <p> </p> <p dir=\"ltr\" style=\"text-align:justify\"><strong><span style=\"background-color:transparent; color:#000000\">Với phong cách “ngông” và có chút bất cần, badboy luôn có một sức hút mãnh liệt với phái đẹp cũng như những người xung quanh. Vậy </span><strong>badboy là gì</strong><span style=\"background-color:transparent; color:#000000\">? Những biểu hiện của badboy như thế nào giúp bạn nhận biết được? Câu trả lời sẽ có trong bài viết dưới đây của </span><a href=\"https://www.coolmate.me/\" rel=\"noopener\" style=\"text-decoration: none;\" target=\"_blank\" title=\"Coolmate\"><u>Coolmate</u></a><span style=\"background-color:transparent; color:#000000\">, các bạn hãy cùng tìm hiểu nhé!</span></strong></p> <h2 dir=\"ltr\" style=\"text-align:justify\"><strong><strong>Badboy là gì?</strong></strong></h2> <p dir=\"ltr\" style=\"text-align:justify\"><strong><span style=\"background-color:transparent; color:#000000\">Badboy là gì? Badboy là một cụm từ tiếng Anh được hiểu đơn giản là những chàng trai có tính cách khác biệt, ngông nghênh, bất cần nhưng cũng vô cùng bí ẩn. Khác với <a href=\"https://www.coolmate.me/post/goodboy-la-gi\" rel=\"noopener\" target=\"_blank\" title=\"goodboy\">goodboy</a>, họ là những chàng trai giỏi chiều lòng phụ nữ, thích chinh phục nhưng đôi khi lại thờ ơ với phái đẹp.</span></strong></p> <p dir=\"ltr\" style=\"text-align:justify\"><strong><span style=\"background-color:transparent; color:#000000\"><img alt=\"Badboy là gì?\" src=\"https://mcdn.coolmate.me/image/May2022/badboy-la-gi_258.jpg\" style=\"display:block; margin-left:auto; margin-right:auto; width:600px\" /></span></strong></p> <p dir=\"ltr\" style=\"text-align:center\"><strong><em>Badboy là gì?</em></strong></p> <p dir=\"ltr\" style=\"text-align:justify\"><strong><span style=\"background-color:transparent; color:#000000\">Tuy nhiên, có một số người đang hiểu sai nghĩa của từ badboy khi cho rằng họ là những người hư hỏng, trai đểu và có cách cư xử tồi tệ với chuẩn mực của xã hội. Đó là những suy nghĩ không đúng và khá bất công với những chàng <strong>badboy</strong> chính hiệu. Đơn giản <strong>badboy</strong> yêu bản thân và biết tận hưởng cuộc sống theo đúng cá tính của mình mà thôi.</span></strong></p> <h2 dir=\"ltr\" style=\"text-align:justify\"><strong><strong>Những biểu hiện của badboy là gì?</strong></strong></h2> <p dir=\"ltr\" style=\"text-align:justify\"><strong><span style=\"background-color:transparent; color:#000000\">Khi đã trả lời được cho mình câu hỏi badboy là gì thì bạn hãy cùng Cun đi tìm những biểu hiện của badboy dưới đây nhé!</span></strong></p> <h3 dir=\"ltr\" style=\"text-align:justify\"><strong><strong>1. Biết yêu và chiều chuộng bản thân</strong></strong></h3> <p dir=\"ltr\" style=\"text-align:justify\"><strong><span style=\"background-color:transparent; color:#000000\">Trên thực tế thì không ai có thể hiểu và yêu bản thân mình hơn những chàng trai badboy. Họ quan tâm đến cảm xúc của chính mình, họ làm những điều mình thích vì chính bản thân mình chứ không phải để làm vừa lòng một người nào đó. Họ luôn mang trong mình sự tự do, phóng khoáng mà khó có mẫu đàn ông nào sánh bằng.</span></strong></p> <p dir=\"ltr\" style=\"text-align:justify\"><strong><span style=\"background-color:transparent; color:#000000\"><img alt=\"Badboy luôn biết cách yêu chiều bản thân với sở thích thú vị\" src=\"https://mcdn.coolmate.me/image/May2022/badboy-la-gi_227.jpg\" style=\"display:block; margin-left:auto; margin-right:auto; width:600px\" /></span></strong></p> <p dir=\"ltr\" style=\"text-align:center\"><strong><em>Badboy luôn biết cách yêu chiều bản thân với sở thích thú vị</em></strong></p> <p dir=\"ltr\" style=\"text-align:justify\"><strong><span style=\"background-color:transparent; color:#000000\">Chính vì họ quá quan tâm đến cảm xúc của bản thân mà trong chuyện tình cảm. Họ cũng sẵn sàng chấm dứt nếu như họ cảm thấy không còn yêu nửa kia của mình nhiều nữa dù cho nửa kia vẫn còn yêu nhiều hay không. Khi yêu họ rất chung thủy và thật lòng nhưng khi kết thúc cũng rất dứt khoát.</span></strong></p> <h3 dir=\"ltr\" style=\"text-align:justify\"><strong><strong>2. Đôi lúc khá thờ ơ với phái đẹp</strong></strong></h3> <p dir=\"ltr\" style=\"text-align:justify\"><strong><span style=\"background-color:transparent; color:#000000\">Biểu hiện của badboy chính là thờ ơ với phụ nữ. Nghĩa là không phải người phụ nữ nào tiếp cận thì badboy cũng đáp lại và quan tâm. Thực tế đây cũng là cách tạo nên nét đẹp và sự quyến rũ của họ, khi trở nên lạnh lùng và thờ ơ, ít biểu lộ cảm xúc thì họ càng khiến phụ nữ tò mò về mình.</span></strong></p> <p dir=\"ltr\" style=\"text-align:justify\"><strong><span style=\"background-color:transparent; color:#000000\">Đây chính là đòn chí mạng đánh vào tâm lý của phụ nữ. Phụ nữ mạnh mẽ đôi lúc sẽ muốn khám phá và chinh phục lại người đàn ông đã thờ ơ mình mà.</span></strong></p> <h3 dir=\"ltr\" style=\"text-align:justify\"><strong><strong>3. Tận hưởng cuộc sống riêng một cách trọn vẹn</strong></strong></h3> <p dir=\"ltr\" style=\"text-align:justify\"><strong><span style=\"background-color:transparent; color:#000000\"><strong>Biểu hiện của badboy </strong>tiếp theo chính là họ biết cách tận hưởng cuộc sống một cách rất riêng. <strong>Badboy</strong> không phải là những chàng trai thích sự cô đơn, họ có rất nhiều bạn và thường xuyên đi chơi, tụ tập với bạn bè. Tuy nhiên, nếu chưa được sự đồng ý của họ thì chắc chắn bạn sẽ khó có thể bước vào cuộc sống riêng của họ.</span></strong></p> <p dir=\"ltr\" style=\"text-align:justify\"><strong><span style=\"background-color:transparent; color:#000000\"><img alt=\"Badboy có nhiều bạn và tham gia nhiều cuộc chơi\" src=\"https://mcdn.coolmate.me/image/May2022/badboy-la-gi_391.jpg\" style=\"display:block; margin-left:auto; margin-right:auto; width:600px\" /></span></strong></p> <p dir=\"ltr\" style=\"text-align:center\"><strong><em>Badboy có nhiều bạn và tham gia nhiều cuộc chơi</em></strong></p> <p dir=\"ltr\" style=\"text-align:justify\"><strong><span style=\"background-color:transparent; color:#000000\">Badboy có xu hướng sống trong thế giới riêng của họ, không quá quan tâm đến cảm xúc của những người xung quanh nên đôi khi khiến người bên cạnh cảm thấy chạnh lòng.</span></strong></p> <h3 dir=\"ltr\" style=\"text-align:justify\"><strong><strong>4. Táo bạo trong chuyện tình cảm</strong></strong></h3> <p dir=\"ltr\" style=\"text-align:justify\"><strong><span style=\"background-color:transparent; color:#000000\"><strong>Badboy là gì?</strong> Chính xác thì họ không phải là những người đàn ông truyền thống, họ táo bạo trong chuyện tình cảm. Họ không vòng vo trong chuyện tình cảm, họ muốn chinh phục người mà họ yêu. Và đặc biệt đối với hầu hết các chàng trai badboy trong chuyện tình yêu phải có tình dục.</span></strong></p> <p dir=\"ltr\" style=\"text-align:justify\"><strong><span style=\"background-color:transparent; color:#000000\">Tuy nhiên, bạn đừng nhầm lẫn vấn đề này với những chàng trai fuckboy, trai đểu chuyên đi lừa gạt tình cảm của phụ nữ nhé! Họ luôn sẵn sàng chịu trách nhiệm với những điều họ làm, đặc biệt trong chuyện tình yêu.</span></strong></p> <h3 dir=\"ltr\" style=\"text-align:justify\"><strong><strong>5. Tính tình nóng nảy, thất thường</strong></strong></h3> <p dir=\"ltr\" style=\"text-align:justify\"><strong><span style=\"background-color:transparent; color:#000000\">Một trong những biểu hiện của badboy chính là tính tình nóng nảy, không được điểm tĩnh trong nhiều tình huống. Chính vì vậy mà badboy thường xuyên gây ra những sự cố, xích mích không hay. Dù không phải tất cả badboy đều vậy vì có nhiều bạn vẫn luôn biết cách ăn nói nhưng nếu để nhận biết thì đây vẫn là một biểu hiện rõ ràng.</span></strong></p> <p dir=\"ltr\" style=\"text-align:justify\"><strong><span style=\"background-color:transparent; color:#000000\">Badboy có đôi lúc thất thường trong cách ứng xử, có lúc tỏ ra là người dễ gần nhưng có lúc lại trở nên khó gần. Điều này sẽ khiến nhiều người cảm thấy khó hiểu.</span></strong></p> <h3 dir=\"ltr\" style=\"text-align:justify\"><strong><strong>6. Làm tất cả những thứ mình thích</strong></strong></h3> <p dir=\"ltr\" style=\"text-align:justify\"><strong><span style=\"background-color:transparent; color:#000000\">Có rất nhiều badboy có tính cách rất mạnh, thích làm những thứ mình thích mà không cần hỏi ý kiến hay quan tâm đến sự đồng ý của người khác. Họ có thể quyết định đi du lịch xuyên quốc gia, đi phượt, định cư ở một nơi mới… mà không hỏi trước ý kiến của bố mẹ. Badboy thường chỉ sẽ thông báo khi họ đã quyết định xong.</span></strong></p> <p dir=\"ltr\" style=\"text-align:justify\"><strong><span style=\"background-color:transparent; color:#000000\"><img alt=\"badboy-la-gi\" src=\"https://mcdn.coolmate.me/image/May2022/badboy-la-gi_211.jpg\" style=\"display:block; margin-left:auto; margin-right:auto\" /></span></strong></p> <p dir=\"ltr\" style=\"text-align:center\"><strong><em>Cá tính mạnh mẽ của chàng trai badboy</em></strong></p> <p dir=\"ltr\" style=\"text-align:justify\"><strong><span style=\"background-color:transparent; color:#000000\"><strong>Badboy</strong> cũng là những người thích <a href=\"https://www.coolmate.me/post/xam-hinh-la-gi-nghe-thuat-xam-hinh\" rel=\"noopener\" target=\"_blank\" title=\"xăm hình\">xăm hình</a>, hút thuốc, sử dụng nhiều thức uống có cồn trong những cuộc chơi. Họ tin rằng đây là những điều thể hiện được cá tính và khiến họ cảm thấy thoải mái nhất.</span></strong></p> <h2 dir=\"ltr\" style=\"text-align:justify\"><strong><strong>Những lầm tưởng khi nghĩ về badboy</strong></strong></h2> <p dir=\"ltr\" style=\"text-align:justify\"><strong><span style=\"background-color:transparent; color:#000000\">Trên thực tế thì khi nhắc đến badboy, nhiều người vẫn có những suy nghĩ khá “xấu” và cho rằng badboy là những người không tốt. Hình ảnh của badboy cũng đã bị biến tướng đi rất nhiều nhưng badboy chân chính không hề xấu như bạn nghĩ.</span></strong></p> <p dir=\"ltr\" style=\"text-align:justify\"><strong><span style=\"background-color:transparent; color:#000000\">Badboy thường sẽ không phô trương ra những cái xấu và sự ngạo mạn, cá tính quá mạnh của mình. Điều họ giỏi nhất và được mọi người đánh giá cao chính là luôn thấu hiểu và chiều lòng phụ nữ. Cùng có một số badboy có tính cách hơi khác người, bất trị nhưng họ dám yêu, dám sống thật với bản thân và con người mình. Đặc biệt họ luôn dám chịu trách nhiệm với những việc làm của mình.</span></strong></p> <h2 dir=\"ltr\" style=\"text-align:justify\"><strong><strong>Tại sao con gái lại bị hấp dẫn bởi bad boy?</strong></strong></h2> <h3 dir=\"ltr\" style=\"text-align:justify\"><strong><strong>1. Vừa lãng mạn, vừa hài hước</strong></strong></h3> <p dir=\"ltr\" style=\"text-align:justify\"><strong><span style=\"background-color:transparent; color:#000000\"><img alt=\"badboy-la-gi\" src=\"https://mcdn.coolmate.me/image/May2022/badboy-la-gi_347.jpg\" style=\"display:block; margin-left:auto; margin-right:auto\" /></span></strong></p> <p dir=\"ltr\" style=\"text-align:center\"><strong><em>Luôn tạo niềm vui và hạnh phúc cho người xung quanh</em></strong></p> <p dir=\"ltr\" style=\"text-align:justify\"><strong><span style=\"background-color:transparent; color:#000000\">Badboy là gì? Họ là những chàng trai luôn mang đến sự vui vẻ, bất ngờ cũng như lãng mạn cho những người xung quanh. Họ luôn làm chủ cuộc chơi của mình và mỗi lần xuất hiện, họ sẽ khuấy động không khí để mọi người đều thoải mái và vui vẻ.</span></strong></p> <h3 dir=\"ltr\" style=\"text-align:justify\"><strong><strong>2. Sự bí ẩn của badboy</strong></strong></h3> <p dir=\"ltr\" style=\"text-align:justify\"><strong><span style=\"background-color:transparent; color:#000000\">Một sự đối lập trong tính cách và con người của badboy. Nếu như ở trên, dấu hiệu nhận biết badboy là họ thích tụ tập và đi chơi với bạn bè thì đôi lúc họ lại “mất hút”. Đôi khi trong những cuộc họp mặt gia đình, tụ tập bạn bè sẽ không thấy những chàng trai badboy xuất hiện.</span></strong></p> <p dir=\"ltr\" style=\"text-align:justify\"><strong><span style=\"background-color:transparent; color:#000000\"><img alt=\"badboy-la-gi\" src=\"https://mcdn.coolmate.me/image/May2022/badboy-la-gi_858.jpg\" style=\"display:block; margin-left:auto; margin-right:auto\" /></span></strong></p> <p dir=\"ltr\" style=\"text-align:center\"><strong><em>Sự bí ẩn là vũ khí thu hút phái đẹp của badboy</em></strong></p> <p dir=\"ltr\" style=\"text-align:justify\"><strong><span style=\"background-color:transparent; color:#000000\">Tuy nhiên, nếu bạn đang gặp một sự cố hay những lúc cấp bách, chắc chắn badboy sẽ có mặt. Nói thật lòng, nếu bạn yêu một anh chàng badboy thì bạn phải chấp nhận rằng việc anh ấy thường xuyên không hết lòng vì bạn nhưng họ sẽ luôn ra hiệu cho bạn biết rằng họ cần bạn.</span></strong></p> <p dir=\"ltr\" style=\"text-align:justify\"><strong><span style=\"background-color:transparent; color:#000000\">Điều bí ẩn trong tính cách và cách hành xử của badboy cũng là điều thu hút phụ nữ. Và thường là những người cũng có cá tính mạnh.</span></strong></p> <h3 dir=\"ltr\" style=\"text-align:justify\"><strong><strong>3. Bad boy biết chủ động</strong></strong></h3> <p dir=\"ltr\" style=\"text-align:justify\"><strong><span style=\"background-color:transparent; color:#000000\">Badboy luôn chủ động trong mọi việc, công việc, tình cảm hay bất kỳ mối quan hệ nào, họ đều là người chủ động. Khi họ đã để ý, họ sẽ ra bắt chuyện với người con gái họ thích, dù đó có là cô gái khó tán hay họ sẽ gặp nhiều thử thách đi nữa.</span></strong></p> <p dir=\"ltr\" style=\"text-align:justify\"><strong><span style=\"background-color:transparent; color:#000000\"><img alt=\"badboy-la-gi\" src=\"https://mcdn.coolmate.me/image/May2022/badboy-la-gi_815.jpg\" style=\"display:block; margin-left:auto; margin-right:auto\" /></span></strong></p> <p dir=\"ltr\" style=\"text-align:center\"><strong><em>Badboy chủ động với người con gái họ yêu</em></strong></p> <p dir=\"ltr\" style=\"text-align:justify\"><strong><span style=\"background-color:transparent; color:#000000\">Trong mối quan hệ tình cảm, badboy là những người không hề e dè và chần chừ. Hầu hết, các chàng trai badboy sẽ chủ động lên ý tưởng, gợi ý địa điểm hẹn hò, ăn uống và họ sẽ đặt chỗ ngay lập tức chứ không do dự. Họ cũng sẽ hôn, ôm người con gái họ yêu giữa chốn đông người mà không ngại ngùng.</span></strong></p> <p dir=\"ltr\" style=\"text-align:justify\"><strong><strong>Kết luận</strong></strong></p> <p dir=\"ltr\" style=\"text-align:justify\"><strong><span style=\"background-color:transparent; color:#000000\"><strong>Badboy </strong>luôn tạo ra một điều bí ẩn, sức cuốn hút riêng khó có thể tả được hết. Những chàng trai badboy luôn luôn biết cách làm mới mình, tự do và chiều chuộng người mình yêu. Nếu bạn là một chàng trai badboy thì hãy luôn sống đúng với phong cách của mình và tận hưởng cuộc sống tuyệt đẹp nhé!</span></strong></p> <p dir=\"ltr\" style=\"text-align:justify\"><strong><span style=\"background-color:transparent; color:#000000\">Thông qua bài viết </span><strong>badboy là gì</strong><span style=\"background-color:transparent; color:#000000\">, KingsBooks mong muốn bạn đọc sẽ hiểu hơn về những chàng trai badboy này nhé! Theo dõi ngay </span><a href=\"https://www.coolmate.me/blog\" rel=\"noopener\" style=\"text-decoration: none;\" target=\"_blank\" title=\"KingsBooks \"><u>KingsBooks </u></a><span style=\"background-color:transparent; color:#000000\"> để có thêm những thông tin mới về thời trang, phong cách của phái mạnh.</span></strong></p> <p dir=\"ltr\" style=\"text-align:justify\"><strong><span style=\"background-color:transparent; color:#000000\">KingsBooks vừa mới hợp tác cùng Loli & The Woft cho ra mắt box <a href=\"https://www.coolmate.me/page/loli-x-coolmate\" rel=\"noopener\" target=\"_blank\" title=\"Bad boy ain\'t good, good boy an tâm\">Bad boy ain\'t good, good boy an tâm</a>. Các chàng cùng khám phá xem box đồ này sẽ ẩn chứa gì nhé ! </span></strong></p> <p dir=\"ltr\" style=\"text-align:justify\"><em><strong><span style=\"background-color:transparent; color:#000000\">KingsBooks – Nơi mua sắm đáng tin cậy dành cho nam giới</span></strong></em></p> <p dir=\"ltr\" style=\"text-align:justify\"> </p> <div class=\"info-box\"><strong><span style=\"background-color:transparent; color:#000000\">>>> Xem thêm: </span></strong> <p> </p> <p dir=\"ltr\" style=\"text-align:justify\"><a href=\"https://www.coolmate.me/post/goodboy-la-gi\" rel=\"noopener\" target=\"_blank\" title=\"Goodboy là gì? 5 biểu hiện của anh chàng goodboy chính hiệu\">Goodboy là gì? 5 biểu hiện của anh chàng goodboy chính hiệu</a></p> <p dir=\"ltr\" style=\"text-align:justify\"><a href=\"https://www.coolmate.me/post/cach-tan-crush-hieu-qua\" rel=\"noopener\" target=\"_blank\" title=\"Cách tán Crush hiệu quả 100% cho các chàng trai FA\">Cách tán Crush hiệu quả 100% cho các chàng trai FA</a></p> <p dir=\"ltr\" style=\"text-align:justify\"><a href=\"https://www.coolmate.me/post/cach-noi-chuyen-voi-crush\" rel=\"noopener\" target=\"_blank\" title=\"Cách nói chuyện với Crush: Gợi ý những chủ đề giúp câu chuyện thú vị hơn\">Cách nói chuyện với Crush: Gợi ý những chủ đề giúp câu chuyện thú vị hơn</a></p> <p dir=\"ltr\" style=\"text-align:justify\"> </p> </div> <p> </p> </div>','images/blog/14f05aac6737b87057e3c6359cff45ef--french-cafe-big-bang-top.jpg','Badboy luôn là những anh chàng có vẻ ngoài cool và chinh phục được nhiều phụ nữ. Vậy badboy là gì? Hãy cùng KingsBooks tìm hiểu trong bài viết dưới đây nhé!',1,_binary ''),(8,'Collab là gì ? Các lý do mà mô hình collab ngày càng trở nên thịnh hành',2,'2023-06-03 17:00:00','<div class=\"\" rel-script=\"blog-detail\">\r\n    <p><strong> </strong>Trong những năm gần đây, đa số chúng ta đều đã từng bắt gặp những thuật ngữ Collab trên\r\n        nhiều phương tiện truyền thông khác nhau. Thuật ngữ này xuất hiện ở nhiều lĩnh vực như thời trang, mỹ phẩm hay\r\n        âm nhạc,... Vậy Collab là gì? Hãy cùng theo chân Kingsman tìm hiểu nhé!\r\n    </p>\r\n    <h2 dir=\"ltr\" id=\"b-heading-H2-1\"><strong>1. Collab là gì ?</strong></h2>\r\n    <p dir=\"ltr\"><strong>Collab</strong> là một thuật ngữ được hiểu là hợp tác và nó có đóng góp quan trọng vào thành\r\n        công của doanh nghiệp</p>\r\n    <p dir=\"ltr\"><img style=\"display: block; margin-left: auto; margin-right: auto;\"\r\n            src=\"https://mcdn.coolmate.me/image/June2022/collab-la-gi-1.jpg\" alt=\"\" width=\"600\" height=\"399\"></p>\r\n    <p dir=\"ltr\" style=\"text-align: center;\">Collab là gì?</p>\r\n    <p dir=\"ltr\" style=\"text-align: justify;\">Vậy Collab là gì? Những thuật ngữ nào thường thấy liên quan đến Collab?\r\n        Hãy cùng Kingsman tìm hiểu nhé!</p>\r\n    <h3 dir=\"ltr\" id=\"b-heading-H3-2\"><strong>1.1. Collab là viết tắt của từ gì ?</strong></h3>\r\n    <p dir=\"ltr\" style=\"text-align: justify;\">Theo như tìm hiểu thì chúng tôi được biết, Collab chính là từ viết tắt của\r\n        một thuật ngữ chuyên ngành là Collaboration. Theo từ điển Anh - Việt, collaboration là một dạng danh từ có nghĩa\r\n        là “quá trình hợp tác”, “sự hợp tác.</p>\r\n    <h3 dir=\"ltr\" id=\"b-heading-H3-3\"><strong>1.2. Collab là gì?</strong></h3>\r\n    <p dir=\"ltr\" style=\"text-align: justify;\">Collab là quá trình làm việc của hai hay nhiều người trong một tổ chức,\r\n        doanh nghiệp,... nhằm mục đích hoàn thành nhiệm vụ.</p>\r\n    <p dir=\"ltr\" style=\"text-align: justify;\">Thuật ngữ này được xây dựng dựa trên nền tảng sự bình đẳng tuy nhiên xét\r\n        trên nhiều khía cạnh thì nó vẫn rất cần đến vai trò của người lãnh đạo dù cho bản chất của vai trò này là bình\r\n        đẳng, tôn trọng lẫn nhau. Đối với bất kì sự hợp tác nào đều quan trọng đối với sự phát triển của doanh nghiệp,\r\n        giúp doanh nghiệp có thể đạt được thành công trong quá trình hoạt động nhóm và đôi khi là một mối quan hệ của\r\n        một quốc gia cũng như một khu vực.</p>\r\n    <p dir=\"ltr\"><img style=\"display: block; margin-left: auto; margin-right: auto;\"\r\n            src=\"https://mcdn.coolmate.me/image/June2022/collab-la-gi-2.jpg\" alt=\"Collab là gì?\" width=\"600\"></p>\r\n    <p dir=\"ltr\" style=\"text-align: center;\"><em>Collab là gì?</em></p>\r\n    <p dir=\"ltr\" style=\"text-align: justify;\">Tuy nhiên, nếu như chúng ta chỉ hiểu đơn giản rằng Collaboration là làm\r\n        việc cùng nhau thì đã để giải quyết vấn đề và đẩy cao năng suất làm việc. </p>\r\n    <p dir=\"ltr\" style=\"text-align: justify;\">Chẳng hạn như là một cá nhân trong doanh nghiệp này hợp tác với doanh\r\n        nghiệp đối thủ để có thể mua những thông tin bí mật mang lại lợi ích cho họ.</p>\r\n    <h2 dir=\"ltr\" id=\"b-heading-H2-4\"><strong>2. Một số khái niệm liên quan đến Collab</strong></h2>\r\n    <h3 dir=\"ltr\" id=\"b-heading-H3-5\"><strong>2.1. Collabedit là gì?</strong></h3>\r\n    <p dir=\"ltr\"><strong>Collabedit </strong>được biết đến là một trình soạn thảo trực tuyến mà trong đó cho phép người\r\n        dùng có thể cộng tác, cùng nhau thực hiện những dự án trong cùng một thời gian mà không cần gặp mặt trực tiếp.\r\n    </p>\r\n    <p dir=\"ltr\">Bên cạnh đó, Collabedit còn cho phép người dùng có thể hoạt động trong trình duyệt web mà không cần\r\n        phải cài đặt trước đó.</p>\r\n    <p dir=\"ltr\"><img style=\"display: block; margin-left: auto; margin-right: auto;\"\r\n            src=\"https://mcdn.coolmate.me/image/June2022/collab-la-gi-23.jpg\" alt=\"\" width=\"600\" height=\"262\"></p>\r\n    <p dir=\"ltr\" style=\"text-align: center;\">Collabedit là gì?</p>\r\n    <p dir=\"ltr\">Một số Collabedit mà bạn thường gặp là: Google Docs, Google Excel hay Google Slide,...</p>\r\n    <h3 dir=\"ltr\" id=\"b-heading-H3-6\"><strong>2.2. Collab trong lĩnh vực âm nhạc là gì?</strong></h3>\r\n    <p>Vậy bạn đã bao giờ từng nghe đến collab trong âm nhạc bao giờ hay chưa? Chúng ta chỉ cần hiểu đơn giản là collab\r\n        ở đây có nghĩa là hợp tác trong các lĩnh vực âm nhạc như điều phối hình ảnh, sáng tác, biên đạo,...</p>\r\n    <p dir=\"ltr\">Ngoài ra, đây còn là yếu tố chủ đạo giúp chia sẻ nội dung, cách hoạt động cũng tương tự như <a\r\n            href=\"https://mcdn.coolmate.me/image/June2022/collab-la-gi-4.jpg\">Tiktok-</a> nền tảng video âm nhạc và mạng\r\n        xã hội nổi tiếng của Trung Quốc. </p>\r\n    <p dir=\"ltr\"><img style=\"display: block; margin-left: auto; margin-right: auto;\"\r\n            src=\"https://mcdn.coolmate.me/image/June2022/collab-la-gi-4.jpg\" alt=\"Collab nhạc là gì?\" width=\"600\"></p>\r\n    <p dir=\"ltr\" style=\"text-align: center;\"><em>Collab nhạc là gì?</em></p>\r\n    <p dir=\"ltr\">Ngoài việc có những màn collab giữa các nghệ sĩ với nhau, hiện nay tại Việt Nam việc collab sản phẩm\r\n        mới của mình với một cái tên cố định để hợp tác dài lâu hơn được rất nhiều nghệ sĩ lựa chọn . Ví dụ như collab\r\n        với các nghệ sĩ nổi tiếng như Binz, Hoàng Dũng, Văn Mai Hương,... Mọi sản phẩm kết hợp của họ đều nhận được sự chờ đợi\r\n        lớn từ người hâm mộ và đạt được thành công lớn trong nền âm nhạc bởi đó chính là sự cộng hưởng mang lại hiệu quả\r\n        lớn.</p>\r\n    <p dir=\"ltr\">Vậy nên, chúng ta cũng có thể thấy được việc tìm đến nhau để collab trong nền tảng âm nhạc cũng đang là\r\n        một xu hướng được rất nhiều nghệ sĩ ưa chuộng và lựa chọn mà không phân biệt bất cứ nền âm nhạc nà<object data=\"\" type=\"\"></object>.</p>\r\n    <h3 dir=\"ltr\" id=\"b-heading-H3-7\"><strong>2.3. Collab là gì trên Facebook</strong></h3>\r\n    <p dir=\"ltr\">Chắc chắn rằng sẽ có nhiều bạn chưa biết đến định nghĩa về collab là gì trên nền tảng facebook. Thức\r\n        chất đó là một ứng dụng mới của facebook cho phép mọi người dùng có thể vuốt tay dọc trên màn hình cảm ứng để\r\n        theo dõi các nội dung mà người khác chia sẻ.</p>\r\n    <p dir=\"ltr\"><img style=\"display: block; margin-left: auto; margin-right: auto;\"\r\n            src=\"https://mcdn.coolmate.me/image/June2022/collab-la-gi-5.jpg\"\r\n            alt=\"Collab được nhắc đến như thế nào trên nền tảng mạng xã hội Facebook\" width=\"600\"></p>\r\n    <p dir=\"ltr\" style=\"text-align: center;\">Collab được nhắc đến như thế nào trên nền tảng mạng xã hội Facebook</p>\r\n    <p dir=\"ltr\" style=\"text-align: justify;\">Điều này sẽ cho phép người dùng có thể tạo ra âm thanh như bản ghi âm,\r\n        video lồng nhạc,... với các hiệu ứng âm thanh dễ dàng mà không cần phải có nhiều kiến thức về nhạc cụ. Cũng\r\n        chính vì thế mà nhiều chuyên gia hay các nhà nhận định đã cho rằng thực chất collab trên facebook chính là bản\r\n        sao của Tiktok.</p>\r\n    <h3 dir=\"ltr\" id=\"b-heading-H3-8\"><strong>2.4. Collab art là gì? </strong></h3>\r\n    <p dir=\"ltr\">Tiếp đến chính là một lĩnh vực khác của collab chính là nghệ thuật. Vậy Collab art là gì? Art Collab\r\n        được hiểu đơn giản chính là cùng hợp tác, cùng sáng tạo hay cùng lên ý tưởng để có thể thực hiện được nhiều\r\n        thành phẩm nghệ thuật, tranh vẽ để có thể tạo ra được những tác phẩm nghệ thuật khác nhau.</p>\r\n    <p dir=\"ltr\"><img style=\"display: block; margin-left: auto; margin-right: auto;\"\r\n            src=\"https://mcdn.coolmate.me/image/June2022/collab-la-gi-6.jpg\" alt=\"Collab art là gì?\" width=\"600\"></p>\r\n    <p dir=\"ltr\" style=\"text-align: center;\">Collab art là gì?</p>\r\n    <p></p>\r\n    <p></p>\r\n    <h3 dir=\"ltr\" id=\"b-heading-H3-10\"><strong>2.5. Commission Collab là gì?</strong></h3>\r\n    <p dir=\"ltr\" style=\"text-align: justify;\">Theo như từ điển Anh Việt, Commission được hiểu là thù lao hay hoa hồng mà\r\n        bạn nhận được khi nhà cung cấp trả cho những người làm tiếp thị liên kết khi họ giới thiệu hoặc bán hàng thành\r\n        công trong một đơn hàng nào đó.</p>\r\n    <p dir=\"ltr\" style=\"text-align: justify;\"> </p>\r\n    <p dir=\"ltr\"><img style=\"display: block; margin-left: auto; margin-right: auto;\"\r\n            src=\"https://mcdn.coolmate.me/image/June2022/collab-la-gi-8.jpg\" alt=\"Commission Collab là gì?\" width=\"600\">\r\n    </p>\r\n    <p dir=\"ltr\" style=\"text-align: center;\">Commission Collab là gì?</p>\r\n    <p dir=\"ltr\">Thông số này vô cùng quan trọng mỗi khi bạn định thực hiện tất cả các công việc có liên quan đến\r\n        Digital Marketing chứ không riêng gì mỗi bộ phận tiếp thị.</p>\r\n    <p dir=\"ltr\">Vậy có thể dễ dàng giải nghĩa được Commission Collab chính là sự hợp tác để mang lại một thu nhập cụ\r\n        thể chính là tiền hoa hồng mà chúng ta có thể nhận được từ việc hợp tác.</p>\r\n    <h2 dir=\"ltr\" id=\"b-heading-H2-11\"><strong>3. Ưu điểm của Collab</strong></h2>\r\n    <p dir=\"ltr\" style=\"text-align: justify;\">Người xưa thường nói “ Muốn đi nhanh thì đi một mình, muốn đi xa thì đi\r\n        cùng nhau”. Điều này cũng phần nào chứng tỏ được rằng sự hợp tác là vô cùng quan trọng. Vậy Collab có ưu điểm là\r\n        gì? hãy cùng theo dõi nhé!</p>\r\n    <p dir=\"ltr\"><img style=\"display: block; margin-left: auto; margin-right: auto;\"\r\n            src=\"https://mcdn.coolmate.me/image/June2022/collab-la-gi-9.jpg\" alt=\"Ưu điểm của Collab\" width=\"600\"></p>\r\n    <p dir=\"ltr\" style=\"text-align: center;\"><em>Ưu điểm của Collab</em></p>\r\n    <ul>\r\n        <li dir=\"ltr\"><strong>Hợp tác giúp giải quyết các vấn đề khó khăn:</strong> chúng ta có thể nhận thấy rằng, việc\r\n            hợp tác giúp bạn có thể giải quyết được các vấn đề khó khăn trong giới thời trang, từ đó có thể tìm ra được\r\n            các giải pháp và giải quyết được mọi khó khăn mà chúng ta gặp phải.</li>\r\n        <li dir=\"ltr\"><strong>Hợp tác để mang mọi người gần nhau hơn</strong>: Việc hợp tác giúp cho các cá nhân trong\r\n            doanh nghiệp có thể đoàn kết với nhau cùng giải quyết những vấn đề quan trọng, từ đó họ có thể hiểu nhau\r\n            cùng nhau xây dựng một doanh nghiệp ngày càng phát triển</li>\r\n        <li dir=\"ltr\"><strong>Học hỏi kinh nghiệm lẫn nhau:</strong> Thực chất trong mỗi quá trình hợp tác, bạn cần phải\r\n            phản hồi ý kiến, chia sẻ kinh nghiệm và tìm hiểu cách các cộng tác viên làm việc với nhau.</li>\r\n        <li dir=\"ltr\">Mở ra nhiều mối quan hệ mới</li>\r\n        <li dir=\"ltr\"><strong>Hợp tác để đem đến sự duy trì kết nối doanh nghiệp: </strong>Bởi vì sự hợp tác tạo nên nền\r\n            tảng kết nối cho doanh nghiệp nên việc hợp tác sẽ vô cùng quan trọng trong việc kết nối các nhân viên với\r\n            nhau tại nơi làm việc.</li>\r\n    </ul>\r\n    <p><strong id=\"docs-internal-guid-3acffcff-7fff-e47a-2384-1394bc8e04cd\" style=\"font-weight: normal;\"></strong></p>\r\n    <h2 dir=\"ltr\" style=\"line-height: 1.38; margin-top: 18pt; margin-bottom: 4pt;\" id=\"b-heading-H2-12\"><strong><span\r\n                style=\"color: rgb(0, 0, 0); background-color: transparent; font-style: normal; font-variant: normal; text-decoration: none; vertical-align: baseline; white-space: pre-wrap;\">4. Các nhãn hàng collab cùng nghệ sĩ để tạo ra các sản phẩm âm nhạc hay</span></strong></h2>\r\n    <p dir=\"ltr\" style=\"text-align: justify;\">Ngày nay các nhãn hàng hay “rót tiền” vào các sản phẩm âm nhạc để quảng bá\r\n        cho thương hiệu của mình ngày càng đến gần hơn với khán giả. Ví dụ như trong MV ca nhạc “Chúng ta của hiện tại”\r\n        của nam ca sĩ Sơn Tùng có độ dài 15 phút, sự xuất hiện của hàng loạt các nhãn hàng như điện thoại, giày, ô\r\n        tô,... hay MV “Đi về nhà” của Đen Vâu & Justatee cũng đã collab cùng nhãn hàng Honda tạo được hiệu ứng khá\r\n        lớn.</p>\r\n    <p dir=\"ltr\" style=\"text-align: justify;\">Xu hướng collab nhãn hàng cùng các ca, nhạc sĩ trở nên rộng rãi hơn kể từ\r\n        sau năm 2017, Biti’s đã mở màn khi kết hợp với MV Lạc Trôi của Sơn Tùng và series 4 phần Đi để trở về của Soobin\r\n        Hoàng Sơn.</p>\r\n    <p dir=\"ltr\"><strong style=\"font-weight: normal;\"><span\r\n                style=\"color: rgb(0, 0, 0); background-color: transparent; font-weight: 400; font-style: normal; font-variant: normal; text-decoration: none; vertical-align: baseline; white-space: pre-wrap;\"><img\r\n                    style=\"display: block; margin-left: auto; margin-right: auto;\"\r\n                    src=\"https://mcdn.coolmate.me/image/June2022/photo-7-1562838247761204302991_63.jpg\"\r\n                    alt=\"Sơn Tùng collab cùng với thương hiệu Biti\'s Hunter\" width=\"600\"><br></span></strong></p>\r\n    <p dir=\"ltr\" style=\"text-align: center;\"><em>Sơn Tùng collab cùng với thương hiệu Biti\'s Hunter</em></p>\r\n    <p dir=\"ltr\" style=\"text-align: justify;\">Đây được xem là một chiến dịch Marketing vô cùng thành công của Biti’s. Kể\r\n        từ khi những MV được công chiếu thì lượng sản phẩm được bán ra tăng gấp 3 lần so với trước đó. Cũng chính vì thế\r\n        mà có nhiều nhãn hàng ngỏ lời collab cùng các nghệ sĩ như Momo, Tiki, Shopee, Honda,..</p>\r\n    <h2 dir=\"ltr\" style=\"text-align: justify;\" id=\"b-heading-H2-13\"><strong\r\n            id=\"docs-internal-guid-3acffcff-7fff-e47a-2384-1394bc8e04cd\" style=\"font-weight: normal;\"><span\r\n                style=\"color: rgb(0, 0, 0); background-color: transparent; font-weight: bold; font-style: normal; font-variant: normal; text-decoration: none; vertical-align: baseline; white-space: pre-wrap;\">5. 4 màn collab thành công nhất của các thương hiệu thời trang hàng đầu hiện nay</span></strong></h2>\r\n    <h3 id=\"b-heading-H3-14\"><strong>5.1. Versace x H&M</strong></h3>\r\n    <p style=\"text-align: justify;\">Versace khi kết hợp cùng H&M đã tạo nên một khoảnh khắc lịch sử đưa khoảng cách\r\n        giữa thời trang xa xỉ và thời trang nhanh ngày càng hẹp lại. Chỉ ngay sau khi ra mắt được 30 phút, bộ sưu tập\r\n        Versace x H&M đã được bán hết tại các cửa hàng ở bắc Kinh và Dubai. Bên cạnh đó, lượng người truy cập quá\r\n        lớn đã khiến cho trang web của nhãn hàng bị sập. Sự hợp tác này đã thực sự thành công khi đem đến lợi ích lớn\r\n        cho H&M bởi khách hàng có thể mua được những bộ trang phục tương đối đắt tiền của Versace. Điều này cũng đã\r\n        tạo ra một chiến dịch quảng bá lớn tạo nên một sự bùng nổ của cả hai thương hiệu.</p>\r\n    <p><strong style=\"font-weight: normal;\"><span\r\n                style=\"color: rgb(0, 0, 0); background-color: transparent; font-weight: 400; font-style: normal; font-variant: normal; text-decoration: none; vertical-align: baseline; white-space: pre-wrap;\"><img\r\n                    style=\"display: block; margin-left: auto; margin-right: auto;\"\r\n                    src=\"https://mcdn.coolmate.me/image/June2022/Versace-x-HM.jpg\"\r\n                    alt=\"Màn collab giữa Versace x H&M\" width=\"600\"></span></strong></p>\r\n    <p style=\"text-align: center;\"><em>Màn collab giữa Versace x H&M</em></p>\r\n    <h3 id=\"b-heading-H3-15\"><strong>5.2. Louis Vuitton x Supreme</strong></h3>\r\n    <p>Sự kết hợp giữa Louis Vuitton và Supreme được xem là “một màn song kiếm hợp bích của hai gã khổng lồ”. Vào năm\r\n        2017, thương hiệu Louis Vuitton và Supreme đã cho ra mắt bộ sưu tập gồm nhiều sản phẩm như áo bóng chày, áo\r\n        hoodie, áo khoác denim, đồ ngủ hay các phụ kiện đi kèm như thắt lưng, túi xách, chăn,...Màn collab này đã thực\r\n        sự thành công khi doanh thu của Louis Vuitton tăng 21 % tương đương 18 tỷ USD nhờ vào sự góp mặt đặc biệt của\r\n        Supreme.</p>\r\n    <p><strong style=\"font-weight: normal;\"><span\r\n                style=\"color: rgb(0, 0, 0); background-color: transparent; font-weight: 400; font-style: normal; font-variant: normal; text-decoration: none; vertical-align: baseline; white-space: pre-wrap;\"><img\r\n                    style=\"display: block; margin-left: auto; margin-right: auto;\"\r\n                    src=\"https://mcdn.coolmate.me/image/June2022/collab-supreme-x-louis-vuitton.jpg\"\r\n                    alt=\"Màn collab giữa Versace x H&M\" width=\"600\"></span></strong></p>\r\n    <p style=\"text-align: center;\"><em>Màn collab giữa 2 thương hiệu Louis Vuitton x Supreme</em></p>\r\n    <h3 id=\"b-heading-H3-16\"><strong>5.3. Dior x Nike</strong></h3>\r\n    <p>Sự hợp tác của Nike và Dior vào giữa những năm 2020 nhắm vào nhóm đối tượng là khách hàng trẻ tuổi. Tổng số\r\n        13.000 đôi được sản xuất thì có đến 8.000 đôi Dior x Nike Air Jordan 1. Cũng chính vì thế mà giá bán của đôi già\r\n        này khá cao lên đến 15.000 USD.</p>\r\n    <p><strong style=\"font-weight: normal;\"><span\r\n                style=\"color: rgb(0, 0, 0); background-color: transparent; font-weight: 400; font-style: normal; font-variant: normal; text-decoration: none; vertical-align: baseline; white-space: pre-wrap;\"><img\r\n                    style=\"display: block; margin-left: auto; margin-right: auto;\"\r\n                    src=\"https://mcdn.coolmate.me/image/June2022/Dior-x-Nike-Air-Jordan-1.jpeg\" alt=\"\" width=\"600\"\r\n                    height=\"380\"></span></strong></p>\r\n    <p style=\"text-align: center;\"><em>Màn collab giữa 2 thương hiệu Dior x Nike</em></p>\r\n    <h3 id=\"b-heading-H3-17\"><strong>5.4. Gucci x The North Face</strong></h3>\r\n    <p style=\"text-align: justify;\">Vào tháng 9/2020, hai nhãn hàng hàng đầu thế giới là Gucci và The North Face đã có\r\n        một màn collab đầy ăn ý để cho ra mắt bộ sưu tập mang đậm phong cách của cả hai. Bộ sưu tập này đem đến cảm giác\r\n        cổ điển nhưng lại không kém phần khỏe khoắn như áo khoác phao và áo nỉ, giày đi bộ đường dài được trang trí bằng\r\n        một chiếc logo đặc trưng của Gucci.</p>\r\n    <p><strong style=\"font-weight: normal;\"><span\r\n                style=\"color: rgb(0, 0, 0); background-color: transparent; font-weight: 400; font-style: normal; font-variant: normal; text-decoration: none; vertical-align: baseline; white-space: pre-wrap;\"><img\r\n                    style=\"display: block; margin-left: auto; margin-right: auto;\"\r\n                    src=\"https://mcdn.coolmate.me/image/June2022/Gucci-x-The-North-Face.jpeg\"\r\n                    alt=\"Màn collab giữa 2 thương hiệu Gucci x The North Face\" width=\"600\"></span></strong></p>\r\n    <p style=\"text-align: center;\"><em>Màn collab giữa 2 thương hiệu Gucci x The North Face</em></p>\r\n    <p> </p>\r\n    <p><strong><em>Lời kết</em></strong></p>\r\n    <p>Bài viết trên đã giúp giải đáp thắc mắc Collab là gì và tổng hợp các thông tin liên quan đến Collab. Hy vọng với\r\n        những chia sẻ này sẽ hữu ích đối với bạn. Sắp tới đây, Kingsman dần hé lộ các màn collab độc đáo hứa hẹn sẽ mang\r\n        lại những bất ngờ cho các bạn. </p>\r\n    <p><strong>\"Kingsman - nơi mua sắm đáng tin cậy dành cho nam giới\"</strong></p>\r\n    <p></p>\r\n    <p></p>\r\n    <div class=\"ddict_btn\" style=\"top: 8708.6px; left: 710.925px;\"> </div>\r\n</div>','images/blog/hop-tac-thanh-cong.jpg','Trong những năm gần đây, đa số chúng ta đều đã từng bắt gặp những thuật ngữ Collab trên nhiều phương tiện truyền thông khác nhau. Vậy Collab là gì? Hãy cùng theo chân KingsBooks tìm hiểu nhé!',1,_binary ''),(10,'Tác hại và 7 cách thay đổi, loại bỏ thói quen trì hoãn',1,'2023-06-19 17:00:00','<div class=\"box-content\">\r\n <p>\r\n	“Đợi xem nốt tập phim này mình sẽ dậy làm” , “Ngủ thêm 5 phút nữa” , “Để mai làm”,… đây là một trong những câu cửa miệng của nhiều bạn trẻ ngày nay. Thực tế thì chẳng có 5 phút nào hay ngày mai bắt đầu làm mà nó là vô thời hạn, chúng ta thường lấy lý do để biện hộ cho sự trì hoãn công việc. Sự trì hoãn nghe có vẻ vô hại nhưng nếu về lâu dài nó sẽ khiến cho cuộc sống của bạn xuống dốc.</p>\r\n<h2>\r\n	<strong>Tác hại của thói quen trì hoãn</strong></h2>\r\n<p>\r\n	Trì hoãn giống như một cái vòng tròn lặp đi lặp lại không có điểm dừng, từ một thói quen tưởng chừng như vô hại ấy khi ăn sâu vào cuộc sống của chúng ta bạn sẽ trở thành người luôn biện hộ lý do để không phải làm việc. Thế nhưng dù chúng ta có trốn tránh công việc như thế nào thì cuối cùng bạn vẫn phải là người chịu trách nhiệm cho công việc của mình. Vậy nên muốn làm việc gì đó hãy bắt tay vào thực hiện ngay, đừng chờ đợi thời điểm thích hợp.</p>\r\n<p style=\"text-align: center;\">\r\n	<img alt=\"Tác hại của thói quen trì hoãn\" src=\"https://anybooks.vn/uploads/images/tac-hai-cua-thoi-quen-tri-hoan.jpeg\" style=\"width: 600px; height: 376px;\"></p>\r\n<h2>\r\n	<strong>Những cách ngăn chặn và thay đổi thói quen trì hoãn</strong></h2>\r\n<h3>\r\n	<em><strong>1. Đặt ra kế hoạch, mục tiêu cụ thể</strong></em></h3>\r\n<p>\r\n	Nếu một người sống vô định, không có hướng đi hay bất cứ mục tiêu nào sẽ rất khó để thành công. Bởi khi có một kế hoạch chúng ta sẽ có động lực và động cơ rõ ràng để làm việc. Thế nên hãy thiết lập cho mình một kế hoạch và thực hiện chúng theo từng bước nhỏ.</p>\r\n<p>\r\n	Hãy viết ra giấy công việc bạn cần phải hoàn thành từ lớn đến nhỏ, sau đó mỗi ngày đều lặp lại thói quen này để bạn có thể hoàn thành công việc của mình.</p>\r\n<p style=\"text-align: center;\">\r\n	<img alt=\"Những cách thay đổi thói quen trì hoãn\" src=\"https://anybooks.vn/uploads/images/cach-loai-bo-thoi-quen-tri-hoan.jpg\" style=\"width: 600px; height: 350px;\"></p>\r\n<h3>\r\n	<em><strong>2. Hạn chế sử dụng điện thoại</strong></em></h3>\r\n<p>\r\n	Điện thoại chính là đối tượng khiến cho chúng ta dễ dàng bị xao nhãng, khi bạn lướt Tiktok hay xem một bộ phim nào đó sẽ rất khó để dứt ra. Thế nên hãy kỷ luật bản thân trong việc sử dụng điện thoại, một ngày bạn có thể sử dụng điện thoại trong một khoảng thời gian nhất định để giải trí và đừng để nó ngốn hết thời gian làm việc của bạn.</p>\r\n<h3>\r\n	<em><strong>3. Sắp xếp thời gian hợp lý</strong></em></h3>\r\n<p>\r\n	Để mỗi ngày của bạn đều làm việc hiệu quả thì công việc và thời gian cần được sắp xếp một cách hợp lý . Việc nào quan trọng nhất hãy dành thật nhiều thời gian cho nó còn những việc ít quan trọng thì bạn nên cân nhắc, ví dụ như có ai đó nhờ bạn làm hộ việc gì đó nhưng bạn không có thời gian hãy từ chối họ.</p>\r\n<h3>\r\n	<em><strong>4. Là một người có trách nhiệm với cuộc sống của mình</strong></em></h3>\r\n<p>\r\n	Nếu bạn đã có kế hoạch sẵn cho những công việc của mình, bạn có một thời gian biểu mỗi ngày vậy thì hãy thực hiện nó đầy đủ theo tiến trình bản thân đã tự đặt ra. Hãy luôn nhớ rằng sự chậm trễ trong công việc sẽ khiến cho bạn mất điểm trong mắt mọi người thế nên hãy có trách nhiệm với bản thân, có trách nhiệm với những người xung quanh đó là làm việc đúng tiến độ.</p>\r\n<p>\r\n	Sự linh hoạt trong công việc cũng là một yếu tố cần thiết giúp cho bạn hoàn thành công việc một cách tốt nhất và có thể ứng phó với nhiều loại tình huống bất ngờ khác nhau.</p>\r\n<p style=\"text-align: center;\">\r\n	<img alt=\"Loại bỏ thói quen trì hoãn\" src=\"https://anybooks.vn/uploads/images/loai-bo-thoi-quen-tri-hoan(3).jpg\" style=\"width: 600px; height: 339px;\"></p>\r\n<h3>\r\n	<em><strong>5. Nói không với lười biếng</strong></em></h3>\r\n<p>\r\n	Lười biếng chính là một căn bệnh kinh niên mà người trẻ thường dễ mắc phải. Ai mà chẳng thích ngồi ở nhà xem phim, nghịch điện thoại còn việc ra đường đi làm thật sự không thể thoải mái bằng. Thế nhưng khi suy nghĩ một cách kĩ càng và cẩn thận thì sự thoải mái trong nhất thời ấy sẽ mang đến cái tai hại về sau.</p>\r\n<p>\r\n	Lười biếng sẽ khiến cho bạn mất động lực làm việc, không thể phát triển bản thân và mỗi ngày đều đi thụt lùi về phía sau.</p>\r\n<h3>\r\n	<em><strong>6. Không chần chừ hay đợi thời gian thích hợp</strong></em></h3>\r\n<p>\r\n	Ngay bây giờ hoặc không bao giờ thói quen trì hoãn thường bắt nguồn từ nhiều nguyên nhân khác nhau thế nhưng nguyên nhân dễ gặp phải đó là những thất bại hay tác hại của công việc không đến ngay lập tức. Chính vì thế nhiều người không sợ hãi trước sự chậm trễ hay bị đánh giá thế nhưng nếu cuộc sống mỗi ngày của bạn chỉ biết trì hoãn và trì hoãn thì công việc sẽ bị ảnh hưởng nghiêm trọng.</p>\r\n<p>\r\n	Sự chần chừ hay chờ đợi thời gian thích hợp sẽ khiến cho bản thân nhụt chí, chán nản và không muốn làm việc. Hãy tự cổ vũ tinh thần cho bản thân rằng nếu bạn không làm việc thì mọi thứ sẽ dần đi vào bế tắc.</p>\r\n<h3>\r\n	<em><strong>7. Làm việc với tinh thần vui vẻ</strong></em></h3>\r\n<p>\r\n	Sự vui vẻ và thoải mái sẽ giúp cho bạn nâng cao hiệu suất công việc chính vì thế bạn cần khiến cho bản thân thoải mái và tìm kiếm niềm vui trong công việc. Đừng sợ bản thân không thể làm tốt nhiệm vụ được giao hay không tự tin với năng lực mà mình đang có. Hãy dành thời gian yêu thương bản thân và tự tạo động lực cho mình tiến về phía trước. Hãy nghĩ đến những người yêu thương bạn để có thêm động lực và tự nhủ rằng muốn thành công thì ngày hôm nay phải làm việc chăm chỉ.</p>\r\n<p>\r\n	<strong>Trì hoãn chính là kẻ thù số một của thành công</strong>, nếu bạn luôn nuông chiều bản thân và không chịu làm việc một cách nghiêm túc thì bạn chẳng thể tiến xa hơn trong công việc. Hãy đứng dậy và bắt tay vào làm việc ngay thôi.</p>\r\n','images/blog/cach-loai-bo-thoi-quen-tri-hoan.jpg','Trì hoãn chính là kẻ thù số một của thành công, nếu bạn luôn nuông chiều bản thân và không chịu làm việc một cách nghiêm túc thì bạn chẳng thể tiến xa hơn...',2,_binary ''),(16,'Thành công không đến từ may mắn',2,'2023-06-25 17:00:00','<div class=\"box-content\">\r\n <p>\r\n	Thành công không phải là một món hàng dễ dàng tìm thấy nó ở cửa hàng rồi đợi bạn đem về nhà mà thành công chính là sự tích lũy của thói quen tốt, tài năng và sự nỗ lực không ngừng nghỉ ở mỗi người.</p>\r\n<p style=\"text-align: center;\">\r\n	<a href=\"https://anybooks.vn/thanh-cong-khong-den-tu-may-man-a1952.html\" title=\"thanh cong khong den tu may man a1952 html\"><img alt=\"Thành công không đến từ may mắn\" src=\"https://anybooks.vn/uploads/images/thanh-cong-khong-den-tu-su-may-man.jpg\" style=\"width: 600px; height: 338px;\"></a></p>\r\n<h2>\r\n	<strong>Khi bạn đã đủ trưởng thành, bạn sẽ không còn cảm thấy sợ hãi trước khó khăn</strong></h2>\r\n<p>\r\n	Bất kể một người lớn nào cũng phải học qua bài học để trưởng thành, trưởng thành sẽ phải gặp khó khăn. Lớn rồi mới nhận ra không phải ở bất cứ nơi nào cũng sẽ có người bao dung cho sự vụng về và thiếu sót của bạn. Ở nhà bạn có thể được bố mẹ nâng niu chiều chuộng thế nhưng xã hội ngoài kia thì khác, cái họ nhìn vào chính là thành tích của bạn để đối xử. Bài học đầu tiên của trưởng thành chính là vượt qua những tháng ngày cô đơn. Khi vượt qua rồi bạn sẽ không còn cảm thấy sợ hãi khi đi trong bóng tối một mình nữa.</p>\r\n<p>\r\n	Trong một cuộc tranh đấu sẽ có người thắng và người thua, sau khi bị thua cuộc bạn sẽ bị đào thải một cách không thương tiếc. Khi gặp khó khăn có người sẽ cảm thấy nản lòng và không muốn cố gắng nữa cũng có người nhờ những lần thất bại đó mà tự mình vươn lên. Nếu bạn sợ hãi trước khó khăn thì bạn sẽ chẳng thể thành công.</p>\r\n<h2>\r\n	<strong>Người chăm chỉ thường gặp may mắn</strong></h2>\r\n<p>\r\n	May mắn không đột nhiên từ trên trời rơi xuống như một món hời để bạn đắc ý, bạn hãy nhìn những người xung quanh mình họ không kể ngày đêm nỗ lực để đạt được ước mơ của mình. Những người như vậy thường sẽ được sự ưu ái của ông trời, họ càng nỗ lực thì may mắn càng đến với họ. Còn bạn chỉ nằm ở nhà “múa bàn phím” đã tự cho rằng bản thân mình luôn gặp xui xẻo, vì sao thành công lại không đến với bạn. Đó là bởi vì bạn chưa chịu tin sự hèn nhát, lười biếng của bản thân mình.</p>\r\n<p>\r\n	Tất nhiên việc nằm ở nhà nghịch điện thoại, xem phim sung sướng hơn gấp trăm lần chuyện nỗ lực mệt mỏi mỗi ngày. Nhưng nếu không đánh đổi thì bạn chẳng nhận lại được bất cứ sự ưu ái gì từ ông trời, mỗi ngày trôi qua người khác càng ngày càng thành công thì bạn lại đi thụt lùi.</p>\r\n<p style=\"text-align: center;\">\r\n	<img alt=\"Thành công đến từ sự nỗ lực không biết mệt mỏi\" src=\"https://anybooks.vn/uploads/images/thanh-cong-den-tu-su-no-luc.jpg\" style=\"width: 600px; height: 600px;\"></p>\r\n<h2>\r\n	<strong>Đằng sau ánh hào quang là những giọt mồ hôi, nước mắt mà không ai có thể nhìn thấy</strong></h2>\r\n<p>\r\n	Ánh hào quang của người nổi tiếng, người giàu có, người thành công thường là thứ mà nhiều người ao ước. Họ ước rằng một ngày mình cũng có được sự nổi tiếng và giàu có, cuộc sống lúc ấy sẽ thoải mái biết bao, chính là muốn gì được nấy và không cần phải lo nghĩ đến tiền bạc. Thực tế để duy trì được trạng thái thành công ấy họ đã phải đánh đổi rất nhiều thứ. Hãy nhớ rằng lúc bạn đang say giấc thì họ đang nỗ lực, lúc bạn cảm thấy mệt mỏi và buông xuôi thì họ lại không ngừng nỗ lực. Kiểu người thích cố gắng chính là cụm từ miêu tả chính xác về những người thành công.</p>\r\n<p>\r\n	Đừng nhìn vào ánh hào quang hay cuộc sống xa hoa của người khác mà nghĩ rằng họ sung sướng và thảnh thơi. Thực tế thì người thành công nào cũng bận rộn và để có được cuộc sống bản thân mong muốn chúng ta phải đánh đổi rất nhiều thứ.</p>\r\n<h2>\r\n	<strong>Những người dậy sớm thường sẽ thành công</strong></h2>\r\n<p>\r\n	Những người có quá nhiều công việc cần phải hoàn thành trong một ngày họ chọn cách dậy sớm, khi dậy sớm rồi bạn có thể sử dụng thời gian một cách hợp lý. Thay vì tối nào cũng thức đến 2 3 giờ sáng chỉ để xem phim thì bây giờ bạn có thể thay đổi thói quen đó bằng việc ngủ sớm và dậy sớm.</p>\r\n<p>\r\n	Dậy sớm còn giúp cho chúng ta có tinh thần tốt để làm việc và sử dụng trọn vẹn được một ngày. Thời gian không chờ đợi bất cứ ai thế nên hãy học cách dậy sớm, dậy sớm để thành công.</p>\r\n<h2>\r\n	<strong>Chẳng ai có thể giúp được bạn ngoại trừ bản thân</strong></h2>\r\n<p>\r\n	Chẳng một ai là có thể theo sát bạn 24/24 để kèm cặp hay chỉ tay bạn làm từng việc một. Ai cũng có cuộc sống của riêng họ thế nên bạn cần phải tự chịu trach nhiệm với cuộc sống của mình. Đừng mong rằng người khác sẽ giúp đỡ hay thay bạn giải quyết đống hỗn độn trong cuộc sống vì điều này không thể xảy ra.</p>\r\n<p>\r\n	Vượt qua vùng an toàn, sự sợ hãi về thế giới ngoài kia chính là cách duy nhất giúp bạn tiến gần hơn với thành công. Muốn biết bản thân có thể đi đâu nếu không thử làm sao biết được.</p>\r\n<h2>\r\n	<strong>Thật ra cuộc sống cũng không đối xử tệ với bạn lắm đâu</strong></h2>\r\n<p>\r\n	Kể cả bạn đang chịu đựng những đau khổ, bạn đang cảm thấy chán chường vì sự mệt mỏi thế nhưng phải trải qua những ngày mệt mỏi ấy bạn mới trân trọng ngày được hạnh phúc.</p>\r\n<p>\r\n	Đừng oán trách cuộc sống vì sao luôn mang đến cho bạn những khó khăn mà hãy suy nghĩ tích cực và vui vẻ đón nhận mọi thứ. Cuộc sống sẽ trở nên thú vị hơn khi chúng ta được trải nghiệm nhiều chính vì thế thay vì oán trách chúng ta sẽ tìm cách để khắc phục. Hãy biến cuộc sống của bạn thành những ngày tháng ý nghĩa bằng cách mỗi ngày đều nỗ lực biến bản thân trở thành một phiên bản tốt nhất.</p>\r\n','images/blog/thanh-cong-khong-den-tu-su-may-man.jpg','Thành công không phải là một món hàng dễ dàng tìm thấy nó ở cửa hàng rồi đợi bạn đem về nhà mà thành công chính là sự tích lũy của thói quen tốt, tài năng...',3,_binary '');
/*!40000 ALTER TABLE `blog` ENABLE KEYS */;
UNLOCK TABLES;

--
-- Table structure for table `blogs_images`
--

DROP TABLE IF EXISTS `blogs_images`;
/*!40101 SET @saved_cs_client     = @@character_set_client */;
/*!50503 SET character_set_client = utf8mb4 */;
CREATE TABLE `blogs_images` (
  `blogs_images_id` int DEFAULT NULL,
  `blog_id` int DEFAULT NULL,
  `images` varchar(255) DEFAULT NULL
) ENGINE=InnoDB DEFAULT CHARSET=utf8mb4 COLLATE=utf8mb4_0900_ai_ci;
/*!40101 SET character_set_client = @saved_cs_client */;

--
-- Dumping data for table `blogs_images`
--

LOCK TABLES `blogs_images` WRITE;
/*!40000 ALTER TABLE `blogs_images` DISABLE KEYS */;
INSERT INTO `blogs_images` VALUES (1,1,'https://i.ytimg.com/vi/2mEyPIHcbMs/maxresdefault.jpg'),(2,2,'https://chuyenxe.com/wp-content/uploads/2019/11/nhung-chiec-wave-do-dep.jpg'),(3,3,'https://media.coolmate.me/cdn-cgi/image/quality=80/uploads/June2022/that-tich-nen-lam-gi_790.jpeg'),(4,4,'https://chilinhquetoi.com/uploads/news/2016_07/262593_519484668113705_1827283193_n.jpg'),(5,5,'https://i.pinimg.com/474x/14/f0/5a/14f05aac6737b87057e3c6359cff45ef--french-cafe-big-bang-top.jpg');
/*!40000 ALTER TABLE `blogs_images` ENABLE KEYS */;
UNLOCK TABLES;

--
-- Table structure for table `cart`
--

DROP TABLE IF EXISTS `cart`;
/*!40101 SET @saved_cs_client     = @@character_set_client */;
/*!50503 SET character_set_client = utf8mb4 */;
CREATE TABLE `cart` (
  `cart_id` int NOT NULL AUTO_INCREMENT,
  `product_id` int DEFAULT NULL,
  `product_name` char(255) DEFAULT NULL,
  `product_price` int DEFAULT NULL,
  `quantity` int DEFAULT NULL,
  `total_cost` int DEFAULT NULL,
  `user_id` int DEFAULT NULL,
  PRIMARY KEY (`cart_id`),
  KEY `FK_Cart_product_id` (`product_id`),
  KEY `FK_Cart_user_id` (`user_id`),
  CONSTRAINT `FK_Cart_product_id` FOREIGN KEY (`product_id`) REFERENCES `product` (`product_id`),
  CONSTRAINT `FK_Cart_user_id` FOREIGN KEY (`user_id`) REFERENCES `user` (`userId`)
) ENGINE=InnoDB AUTO_INCREMENT=173 DEFAULT CHARSET=utf8mb4 COLLATE=utf8mb4_0900_ai_ci;
/*!40101 SET character_set_client = @saved_cs_client */;

--
-- Dumping data for table `cart`
--

LOCK TABLES `cart` WRITE;
/*!40000 ALTER TABLE `cart` DISABLE KEYS */;
/*!40000 ALTER TABLE `cart` ENABLE KEYS */;
UNLOCK TABLES;

--
-- Table structure for table `category`
--

DROP TABLE IF EXISTS `category`;
/*!40101 SET @saved_cs_client     = @@character_set_client */;
/*!50503 SET character_set_client = utf8mb4 */;
CREATE TABLE `category` (
  `category_id` int NOT NULL AUTO_INCREMENT,
  `category_name` char(255) DEFAULT NULL,
  `status` bit(1) DEFAULT NULL,
  PRIMARY KEY (`category_id`)
) ENGINE=InnoDB AUTO_INCREMENT=5 DEFAULT CHARSET=utf8mb4 COLLATE=utf8mb4_0900_ai_ci;
/*!40101 SET character_set_client = @saved_cs_client */;

--
-- Dumping data for table `category`
--

LOCK TABLES `category` WRITE;
/*!40000 ALTER TABLE `category` DISABLE KEYS */;
INSERT INTO `category` VALUES (1,'Light Novel',_binary ''),(2,'Kĩ năng sống',_binary ''),(3,'Manga - Comic',_binary ''),(4,'Nghệ thuật - Giải trí',_binary '');
/*!40000 ALTER TABLE `category` ENABLE KEYS */;
UNLOCK TABLES;

--
-- Table structure for table `category_blog`
--

DROP TABLE IF EXISTS `category_blog`;
/*!40101 SET @saved_cs_client     = @@character_set_client */;
/*!50503 SET character_set_client = utf8mb4 */;
CREATE TABLE `category_blog` (
  `categoryBlog_id` int NOT NULL AUTO_INCREMENT,
  `categoryBlog_name` char(255) DEFAULT NULL,
  `status` bit(1) DEFAULT NULL,
  PRIMARY KEY (`categoryBlog_id`)
) ENGINE=InnoDB AUTO_INCREMENT=5 DEFAULT CHARSET=utf8mb4 COLLATE=utf8mb4_0900_ai_ci;
/*!40101 SET character_set_client = @saved_cs_client */;

--
-- Dumping data for table `category_blog`
--

LOCK TABLES `category_blog` WRITE;
/*!40000 ALTER TABLE `category_blog` DISABLE KEYS */;
INSERT INTO `category_blog` VALUES (1,'Hiểu nhanh về',_binary ''),(2,'Đọc hiểu',_binary ''),(3,'Sống chất',_binary ''),(4,'Shop có gì mới',_binary '');
/*!40000 ALTER TABLE `category_blog` ENABLE KEYS */;
UNLOCK TABLES;

--
-- Table structure for table `customer`
--

DROP TABLE IF EXISTS `customer`;
/*!40101 SET @saved_cs_client     = @@character_set_client */;
/*!50503 SET character_set_client = utf8mb4 */;
CREATE TABLE `customer` (
  `customer_id` int NOT NULL AUTO_INCREMENT,
  `customer_name` char(255) DEFAULT NULL,
  `customer_email` char(255) DEFAULT NULL,
  `customer_mobile` char(255) DEFAULT NULL,
  `updated_date` timestamp NOT NULL DEFAULT CURRENT_TIMESTAMP,
  `status` bit(1) DEFAULT NULL,
  PRIMARY KEY (`customer_id`)
) ENGINE=InnoDB AUTO_INCREMENT=26 DEFAULT CHARSET=utf8mb4 COLLATE=utf8mb4_0900_ai_ci;
/*!40101 SET character_set_client = @saved_cs_client */;

--
-- Dumping data for table `customer`
--

LOCK TABLES `customer` WRITE;
/*!40000 ALTER TABLE `customer` DISABLE KEYS */;
INSERT INTO `customer` VALUES (1,'Hoàng Tuấn Kiệt','son1@gmail.com','0352212601','2023-05-09 17:00:00',_binary ''),(5,'Hoàng Tuấn Kiệt','dondd1@gmail.com','0123456781','2023-05-10 17:00:00',_binary ''),(8,'Bùi Quốc Trường','truongt12@gmail.com','0123456784','2023-05-12 17:00:00',_binary ''),(11,'Trần Quang Diệu','truongt15@gmail.com','0123456787','2023-05-14 17:00:00',_binary ''),(13,'Đỗ Tùng Lâm','truongt17@gmail.com','0123456789','2023-05-16 17:00:00',_binary ''),(16,'Đỗ Thế Tùng','truongt121dd@gmail.com','0232142112','2023-05-18 17:00:00',_binary ''),(20,'Trần Quang Diệu','dieu2@gmail.com','0339805215','2023-06-28 17:00:00',_binary ''),(23,'Bùi Quốc Trưởng','truong1@gmail.com','1234567890','2023-07-12 14:53:20',NULL),(24,'Đỗ Thế Tùng','tung7reus@gmail.com','0123456788','2023-07-18 16:51:40',NULL),(25,'hoang kiet','kiet9cvl@gmail.com','025879648','2023-07-20 15:32:17',NULL);
/*!40000 ALTER TABLE `customer` ENABLE KEYS */;
UNLOCK TABLES;

--
-- Table structure for table `feedback`
--

DROP TABLE IF EXISTS `feedback`;
/*!40101 SET @saved_cs_client     = @@character_set_client */;
/*!50503 SET character_set_client = utf8mb4 */;
CREATE TABLE `feedback` (
  `feedBack_id` int NOT NULL AUTO_INCREMENT,
  `fullName` char(50) DEFAULT NULL,
  `rated_star` float DEFAULT NULL,
  `feedback` text,
  `image` text,
  `status` bit(1) DEFAULT NULL,
  `product_id` int DEFAULT NULL,
  `userId` int DEFAULT NULL,
  `date` timestamp NOT NULL DEFAULT CURRENT_TIMESTAMP,
  PRIMARY KEY (`feedBack_id`),
  KEY `FK_Feedback_product_id` (`product_id`),
  KEY `FK__Feedback__userId__403A8C7D` (`userId`),
  CONSTRAINT `FK__Feedback__userId__403A8C7D` FOREIGN KEY (`userId`) REFERENCES `user` (`userId`),
  CONSTRAINT `FK_Feedback_product_id` FOREIGN KEY (`product_id`) REFERENCES `product` (`product_id`)
) ENGINE=InnoDB AUTO_INCREMENT=86 DEFAULT CHARSET=utf8mb4 COLLATE=utf8mb4_0900_ai_ci;
/*!40101 SET character_set_client = @saved_cs_client */;

--
-- Dumping data for table `feedback`
--

LOCK TABLES `feedback` WRITE;
/*!40000 ALTER TABLE `feedback` DISABLE KEYS */;
INSERT INTO `feedback` VALUES (2,'Đỗ Tùng Lâm',3,'ggg','images/feedback/tải xuống.jpg',_binary '',7,11,'2023-05-09 17:00:00'),(3,'Đỗ Tùng Lâm',5,'ggggg','images/feedback/hinh-anh-dai-dien-dep-dung-cho-facebook-instagram-zalo-13.jpg',_binary '',30,11,'2023-05-09 17:00:00'),(4,'Đỗ Tùng Lâm',3,'f','images/feedback/6c3ce5e1-a8f2-4299-8873-7ce12df44148.png',_binary '',30,11,'2023-05-09 17:00:00'),(5,'Đỗ Tùng Lâm',3,'gggg','images/feedback/hinh-anh-dai-dien-dep-dung-cho-facebook-instagram-zalo-13.jpg',_binary '',31,11,'2023-05-09 17:00:00'),(6,'Đỗ Tùng Lâm',5,'d','images/feedback/hinh-anh-dai-dien-dep-dung-cho-facebook-instagram-zalo-13.jpg',_binary '',31,11,'2023-05-09 17:00:00'),(7,'Đỗ Tùng Lâm',4,'fff','images/feedback/hinh-anh-dai-dien-dep-dung-cho-facebook-instagram-zalo-13.jpg',_binary '',32,11,'2023-05-09 17:00:00'),(8,'Đỗ Tùng Lâm',4,'ggg','images/feedback/tải xuống.jpg',_binary '',32,11,'2023-05-09 17:00:00'),(9,'Đỗ Tùng Lâm',3,'ggggggggg','images/feedback/350375300_626251949554490_2968489736227270179_n.png',_binary '',8,11,'2023-05-09 17:00:00'),(10,'Đỗ Tùng Lâm',3,'dd','images/feedback/ho-so-one-piece-yellow-grand-elements---tb-2022_c76f1e8a7ed840508c090dcc5480f73e.png',_binary '',6,11,'2023-05-14 17:00:00'),(11,'Đỗ Tùng Lâm',4,'aaaa','images/feedback/tải xuống.jpg',_binary '',12,11,'2023-05-14 17:00:00'),(15,'Đỗ Tùng Lâm',3,'ff','images/feedback/7.jpg',_binary '',15,11,'2023-05-14 17:00:00'),(16,'Đỗ Tùng Lâm',3,'gg','images/feedback/Screenshot 2022-07-04 174833.png',_binary '',8,11,'2023-05-14 17:00:00'),(17,'Trần Quang Diệu',4,'good','images/feedback/tải xuống.jpg',_binary '\0',1,14,'2023-05-14 17:00:00'),(19,'Trần Quang Diệu',3,'good','images/feedback/tải xuống.jpg',_binary '',8,14,'2023-05-14 17:00:00'),(20,'Trần Quang Diệu',3,'good','images/feedback/tải xuống.jpg',_binary '',21,14,'2023-05-14 17:00:00'),(21,'Trần Quang Diệu',3,'good','images/feedback/tải xuống.jpg',_binary '',21,14,'2023-05-19 17:00:00'),(22,'Trần Quang Diệu',4,'gg','images/feedback/tải xuống.jpg',_binary '',10,14,'2023-05-19 17:00:00'),(23,'Trần Quang Diệu',3,'gg','images/feedback/ho-so-one-piece-yellow-grand-elements---tb-2022_c76f1e8a7ed840508c090dcc5480f73e.png',_binary '',10,14,'2023-05-19 17:00:00'),(24,'Bùi Quốc Trưởng',3,'gg','images/feedback/tải xuống.jpg',_binary '',2,15,'2023-05-19 17:00:00'),(26,'Bùi Quốc Trưởng',3,'gggg','images/feedback/hinh-anh-dai-dien-dep-dung-cho-facebook-instagram-zalo-13.jpg',_binary '',2,15,'2023-05-19 17:00:00'),(27,'Bùi Quốc Trưởng',3,'gggg','images/feedback/hinh-anh-dai-dien-dep-dung-cho-facebook-instagram-zalo-13.jpg',_binary '',2,15,'2023-05-19 17:00:00'),(28,'Bùi Quốc Trưởng',2,'gggggg','images/feedback/tải xuống.jpg',_binary '',2,15,'2023-05-19 17:00:00'),(31,'Đỗ Thế Tùng',4,'gg','images/feedback/tải xuống (3).jpg',_binary '',1,9,'2023-05-19 17:00:00'),(33,'Đỗ Thế Tùng',4,'hay','images/feedback/hinh-anh-cuon-sach-mo-ra_103644366.jpg',_binary '',3,9,'2023-05-24 17:00:00'),(34,'Đỗ Thế Tùng',3,'good ','images/feedback/tải xuống (2).jpg',_binary '',3,9,'2023-05-24 17:00:00'),(35,'Đỗ Thế Tùng',3,'gg','images/feedback/istockphoto-505865064-612x612.jpg',_binary '',4,9,'2023-05-24 17:00:00'),(36,'Đỗ Thế Tùng',3,'gg','images/feedback/hinh-nen-quyen-sach-23.jpg',_binary '',4,9,'2023-05-24 17:00:00'),(37,'Đỗ Thế Tùng',5,'gg','images/feedback/cap-nhat-155-hinh-anh-quyen-sach-dep-cute-hay-cam-xuc-nhat_1.jpg',_binary '',5,9,'2023-05-24 17:00:00'),(38,'Đỗ Thế Tùng',5,'good ','images/feedback/tải xuống (1).jpg',_binary '',5,9,'2023-05-24 17:00:00'),(39,'Đỗ Thế Tùng',3,'g','images/feedback/tải xuống (2).jpg',_binary '',7,9,'2023-05-24 17:00:00'),(40,'Đỗ Thế Tùng',5,'b','images/feedback/hinh-anh-cuon-sach-mo-ra_103644366.jpg',_binary '',7,9,'2023-05-24 17:00:00'),(41,'Đỗ Thế Tùng',5,'c','images/feedback/cap-nhat-155-hinh-anh-quyen-sach-dep-cute-hay-cam-xuc-nhat_1.jpg',_binary '',6,9,'2023-05-24 17:00:00'),(42,'Đỗ Thế Tùng',5,'d','images/feedback/tải xuống (1).jpg',_binary '',6,9,'2023-05-24 17:00:00'),(43,'Đỗ Thế Tùng',5,'f','images/feedback/hinh-anh-cuon-sach-mo-ra_103644366.jpg',_binary '',9,9,'2023-05-24 17:00:00'),(45,'Đỗ Thế Tùng',4,'h','images/feedback/cap-nhat-155-hinh-anh-quyen-sach-dep-cute-hay-cam-xuc-nhat_1.jpg',_binary '',9,9,'2023-05-29 17:00:00'),(46,'Đỗ Thế Tùng',5,'good','images/feedback/cap-nhat-155-hinh-anh-quyen-sach-dep-cute-hay-cam-xuc-nhat_1.jpg',_binary '',13,9,'2023-05-29 17:00:00'),(47,'Đỗ Thế Tùng',4,'h','images/feedback/cap-nhat-155-hinh-anh-quyen-sach-dep-cute-hay-cam-xuc-nhat_1.jpg',_binary '',12,9,'2023-05-29 17:00:00'),(48,'Đỗ Thế Tùng',5,'b','images/feedback/hinh-anh-cuon-sach-mo-ra_103644366.jpg',_binary '',12,9,'2023-05-29 17:00:00'),(49,'Đỗ Thế Tùng',4,'c','images/feedback/cap-nhat-155-hinh-anh-quyen-sach-dep-cute-hay-cam-xuc-nhat_1.jpg',_binary '',11,9,'2023-05-29 17:00:00'),(50,'Đỗ Thế Tùng',5,'d','images/feedback/tải xuống (1).jpg',_binary '',11,9,'2023-05-29 17:00:00'),(51,'Đỗ Thế Tùng',5,'hay','images/feedback/hinh-anh-cuon-sach-mo-ra_103644366.jpg',_binary '',14,9,'2023-05-29 17:00:00'),(52,'Đỗ Thế Tùng',4,'tuyet voi','images/feedback/cap-nhat-155-hinh-anh-quyen-sach-dep-cute-hay-cam-xuc-nhat_1.jpg',_binary '',14,9,'2023-05-29 17:00:00'),(53,'Đỗ Thế Tùng',5,'10 diem','images/feedback/tải xuống (1).jpg',_binary '',13,9,'2023-05-29 17:00:00'),(54,'Đỗ Thế Tùng',5,'good','images/feedback/cap-nhat-155-hinh-anh-quyen-sach-dep-cute-hay-cam-xuc-nhat_1.jpg',_binary '',15,9,'2023-05-29 17:00:00'),(55,'Đỗ Thế Tùng',4,'hay','images/feedback/hinh-anh-cuon-sach-mo-ra_103644366.jpg',_binary '',16,9,'2023-05-31 17:00:00'),(56,'Đỗ Thế Tùng',5,'tuyet voi','images/feedback/cap-nhat-155-hinh-anh-quyen-sach-dep-cute-hay-cam-xuc-nhat_1.jpg',_binary '',17,9,'2023-05-31 17:00:00'),(57,'Đỗ Thế Tùng',5,'10 diem','images/feedback/tải xuống (1).jpg',_binary '',18,9,'2023-05-31 17:00:00'),(58,'Đỗ Thế Tùng',5,'good','images/feedback/cap-nhat-155-hinh-anh-quyen-sach-dep-cute-hay-cam-xuc-nhat_1.jpg',_binary '',18,9,'2023-05-31 17:00:00'),(59,'Đỗ Thế Tùng',4,'hay','images/feedback/hinh-anh-cuon-sach-mo-ra_103644366.jpg',_binary '',17,9,'2023-05-31 17:00:00'),(60,'Đỗ Thế Tùng',5,'tuyet voi','images/feedback/cap-nhat-155-hinh-anh-quyen-sach-dep-cute-hay-cam-xuc-nhat_1.jpg',_binary '',16,9,'2023-05-31 17:00:00'),(61,'Đỗ Thế Tùng',5,'10 diem','images/feedback/tải xuống (1).jpg',_binary '',15,9,'2023-05-31 17:00:00'),(62,'Đỗ Thế Tùng',4,'good','images/feedback/cap-nhat-155-hinh-anh-quyen-sach-dep-cute-hay-cam-xuc-nhat_1.jpg',_binary '',19,9,'2023-05-31 17:00:00'),(63,'Đỗ Thế Tùng',5,'hay','images/feedback/hinh-anh-cuon-sach-mo-ra_103644366.jpg',_binary '',19,9,'2023-05-31 17:00:00'),(64,'Đỗ Thế Tùng',4,'tuyet voi','images/feedback/cap-nhat-155-hinh-anh-quyen-sach-dep-cute-hay-cam-xuc-nhat_1.jpg',_binary '',20,9,'2023-06-04 17:00:00'),(65,'Đỗ Thế Tùng',5,'10 diem','images/feedback/tải xuống (1).jpg',_binary '',20,9,'2023-06-04 17:00:00'),(66,'Đỗ Thế Tùng',4,'good','images/feedback/cap-nhat-155-hinh-anh-quyen-sach-dep-cute-hay-cam-xuc-nhat_1.jpg',_binary '',21,9,'2023-06-04 17:00:00'),(67,'Đỗ Thế Tùng',5,'hay','images/feedback/hinh-anh-cuon-sach-mo-ra_103644366.jpg',_binary '',21,9,'2023-06-04 17:00:00'),(68,'Đỗ Thế Tùng',5,'tuyet voi','images/feedback/cap-nhat-155-hinh-anh-quyen-sach-dep-cute-hay-cam-xuc-nhat_1.jpg',_binary '',22,9,'2023-06-04 17:00:00'),(69,'Đỗ Thế Tùng',4,'10 diem','images/feedback/tải xuống (1).jpg',_binary '',22,9,'2023-06-04 17:00:00'),(70,'Đỗ Thế Tùng',4,'good','images/feedback/cap-nhat-155-hinh-anh-quyen-sach-dep-cute-hay-cam-xuc-nhat_1.jpg',_binary '',23,9,'2023-06-04 17:00:00'),(71,'Đỗ Thế Tùng',5,'hay','images/feedback/hinh-anh-cuon-sach-mo-ra_103644366.jpg',_binary '',23,9,'2023-06-04 17:00:00'),(72,'Đỗ Thế Tùng',4,'tuyet voi','images/feedback/cap-nhat-155-hinh-anh-quyen-sach-dep-cute-hay-cam-xuc-nhat_1.jpg',_binary '',24,9,'2023-06-04 17:00:00'),(73,'Đỗ Thế Tùng',5,'10 diem','images/feedback/tải xuống (1).jpg',_binary '',24,9,'2023-06-04 17:00:00'),(74,'Đỗ Thế Tùng',5,'good','images/feedback/cap-nhat-155-hinh-anh-quyen-sach-dep-cute-hay-cam-xuc-nhat_1.jpg',_binary '',25,9,'2023-06-04 17:00:00'),(75,'Đỗ Thế Tùng',5,'hay','images/feedback/hinh-anh-cuon-sach-mo-ra_103644366.jpg',_binary '',25,9,'2023-06-04 17:00:00'),(76,'Đỗ Thế Tùng',5,'tuyet voi','images/feedback/cap-nhat-155-hinh-anh-quyen-sach-dep-cute-hay-cam-xuc-nhat_1.jpg',_binary '',26,9,'2023-06-04 17:00:00'),(77,'Đỗ Thế Tùng',4,'10 diem','images/feedback/tải xuống (1).jpg',_binary '',26,9,'2023-06-09 17:00:00'),(78,'Đỗ Thế Tùng',5,'good','images/feedback/cap-nhat-155-hinh-anh-quyen-sach-dep-cute-hay-cam-xuc-nhat_1.jpg',_binary '',27,9,'2023-06-09 17:00:00'),(79,'Đỗ Thế Tùng',5,'hay','images/feedback/hinh-anh-cuon-sach-mo-ra_103644366.jpg',_binary '',27,9,'2023-06-09 17:00:00'),(80,'Đỗ Thế Tùng',5,'tuyet voi','images/feedback/cap-nhat-155-hinh-anh-quyen-sach-dep-cute-hay-cam-xuc-nhat_1.jpg',_binary '',28,9,'2023-06-09 17:00:00'),(81,'Đỗ Thế Tùng',4,'10 diem','images/feedback/tải xuống (1).jpg',_binary '',28,9,'2023-06-09 17:00:00'),(82,'Đỗ Thế Tùng',5,'good','images/feedback/cap-nhat-155-hinh-anh-quyen-sach-dep-cute-hay-cam-xuc-nhat_1.jpg',_binary '',29,9,'2023-06-10 17:00:00'),(83,'Đỗ Thế Tùng',5,'hay','images/feedback/hinh-anh-cuon-sach-mo-ra_103644366.jpg',_binary '',29,9,'2023-06-11 17:00:00'),(84,'Đỗ Thế Tùng',4,'tuyet voi','images/feedback/cap-nhat-155-hinh-anh-quyen-sach-dep-cute-hay-cam-xuc-nhat_1.jpg',_binary '',30,9,'2023-07-11 17:00:00'),(85,'Đỗ Thế Tùng',5,'10 diem','images/feedback/tải xuống (1).jpg',_binary '',30,9,'2023-07-11 17:00:00');
/*!40000 ALTER TABLE `feedback` ENABLE KEYS */;
UNLOCK TABLES;

--
-- Table structure for table `order`
--

DROP TABLE IF EXISTS `order`;
/*!40101 SET @saved_cs_client     = @@character_set_client */;
/*!50503 SET character_set_client = utf8mb4 */;
CREATE TABLE `order` (
  `order_id` int NOT NULL AUTO_INCREMENT,
  `orderDate` timestamp NOT NULL DEFAULT CURRENT_TIMESTAMP,
  `total_cost` int DEFAULT NULL,
  `fullName` char(50) DEFAULT NULL,
  `mobile` char(50) DEFAULT NULL,
  `address` char(255) DEFAULT NULL,
  `status_order` int DEFAULT NULL,
  `userId` int DEFAULT NULL,
  `saler_id` int DEFAULT NULL,
  `note` char(255) DEFAULT NULL,
  PRIMARY KEY (`order_id`),
  KEY `FK__Order__status_or__76969D2E` (`status_order`),
  KEY `FK__Order__userId__412EB0B6` (`userId`),
  CONSTRAINT `FK__Order__status_or__76969D2E` FOREIGN KEY (`status_order`) REFERENCES `status_order` (`status_order_id`),
  CONSTRAINT `FK__Order__userId__412EB0B6` FOREIGN KEY (`userId`) REFERENCES `user` (`userId`)
) ENGINE=InnoDB AUTO_INCREMENT=53 DEFAULT CHARSET=utf8mb4 COLLATE=utf8mb4_0900_ai_ci;
/*!40101 SET character_set_client = @saved_cs_client */;

--
-- Dumping data for table `order`
--

LOCK TABLES `order` WRITE;
/*!40000 ALTER TABLE `order` DISABLE KEYS */;
INSERT INTO `order` VALUES (38,'2023-06-24 17:00:00',80000,'Bùi Quốc Trưởng','1234567890','NamDinh',1,15,10,''),(39,'2023-06-25 17:00:00',48000,'Bùi Quốc Trưởng','1234567890','NamDinh',2,15,5,''),(40,'2023-06-26 17:00:00',45000,'Bùi Quốc Trưởng','1234567890','NamDinh',3,15,6,''),(41,'2023-06-27 17:00:00',27000,'Bùi Quốc Trưởng','1234567890','NamDinh',3,15,5,''),(42,'2023-06-30 17:00:00',254000,'Bùi Quốc Trưởng','1234567890','NamDinh',2,15,5,''),(43,'2023-07-02 17:00:00',172000,'Bùi Quốc Trưởng','1234567890','NamDinh',1,15,10,''),(44,'2023-07-03 17:00:00',177500,'Bùi Quốc Trưởng','1234567890','NamDinh',1,15,5,''),(45,'2023-07-04 17:00:00',169000,'Bùi Quốc Trưởng','1234567890','NamDinh',2,15,5,''),(46,'2023-07-04 17:00:00',74000,'Bùi Quốc Trưởng','1234567890','NamDinh',3,15,10,''),(47,'2023-07-05 17:00:00',60000,'Bùi Quốc Trưởng','1234567890','NamDinh',3,15,6,''),(48,'2023-07-09 17:00:00',60000,'Bùi Quốc Trưởng','1234567890','NamDinh',2,15,10,''),(49,'2023-07-09 17:00:00',305000,'Bùi Quốc Trưởng','1234567890','NamDinh',1,15,10,''),(50,'2023-07-09 17:00:00',84000,'Bùi Quốc Trưởng','1234567890','NamDinh',1,15,5,''),(51,'2023-07-18 16:51:40',135000,'Đỗ Thế Tùng','0123456788','BinhDuong',4,9,6,'ádasd');
/*!40000 ALTER TABLE `order` ENABLE KEYS */;
UNLOCK TABLES;

--
-- Table structure for table `order_detail`
--

DROP TABLE IF EXISTS `order_detail`;
/*!40101 SET @saved_cs_client     = @@character_set_client */;
/*!50503 SET character_set_client = utf8mb4 */;
CREATE TABLE `order_detail` (
  `orderDetail_id` int NOT NULL AUTO_INCREMENT,
  `product_price` int DEFAULT NULL,
  `quantity` int DEFAULT NULL,
  `order_id` int DEFAULT NULL,
  `product_id` int DEFAULT NULL,
  `product_name` char(255) DEFAULT NULL,
  `total_cost` int DEFAULT NULL,
  PRIMARY KEY (`orderDetail_id`),
  KEY `FK__Order_Det__order__4222D4EF` (`order_id`),
  KEY `FK__Order_Det__produ__4316F928` (`product_id`),
  CONSTRAINT `FK__Order_Det__order__4222D4EF` FOREIGN KEY (`order_id`) REFERENCES `order` (`order_id`),
  CONSTRAINT `FK__Order_Det__produ__4316F928` FOREIGN KEY (`product_id`) REFERENCES `product` (`product_id`)
) ENGINE=InnoDB AUTO_INCREMENT=97 DEFAULT CHARSET=utf8mb4 COLLATE=utf8mb4_0900_ai_ci;
/*!40101 SET character_set_client = @saved_cs_client */;

--
-- Dumping data for table `order_detail`
--

LOCK TABLES `order_detail` WRITE;
/*!40000 ALTER TABLE `order_detail` DISABLE KEYS */;
INSERT INTO `order_detail` VALUES (78,80000,1,38,8,'HÀNH TRÌNH ĐẾN TẬN CÙNG CỦA THẾ GIỚI',80000),(79,48000,1,39,2,'5 CENTIMET TRÊN GIÂY',48000),(80,45000,1,40,3,'CÁNH BƯỚM KHUYẾT',45000),(81,27000,1,41,19,'BẠCH TUYẾT TÓC ĐỞ',27000),(82,254000,1,42,25,'MUSIC BUSINESS',254000),(83,88000,1,43,9,'KHÉO ĂN NÓI',88000),(84,84000,1,43,10,'TUỔI TRẺ SỐNG AN NHIÊN NHƯNG ĐỪNG AN PHẬN',84000),(85,84000,1,44,10,'TUỔI TRẺ SỐNG AN NHIÊN NHƯNG ĐỪNG AN PHẬN',84000),(86,93500,1,44,1,'ĐỪNG HẸN NGÀY MAI',93500),(87,92500,1,45,13,'MỌI CHUYỆN TRÊN ĐỜI ĐỀU CÓ NGUYÊN DO',92500),(88,76500,1,45,12,'PHÉP TẮC LOÀI SÓI',76500),(89,74000,1,46,27,'BLACKPINK.',74000),(90,60000,1,47,4,'TẠM BIỆT PHÁO HOA',60000),(91,60000,1,48,7,'NHỮNG ĐỨA CON CỦA SÓI',60000),(92,60000,1,49,4,'TẠM BIỆT PHÁO HOA',60000),(93,245000,1,49,16,'KHÔNG NHỤT CHÍ, KHÔNG THAN THỞ',245000),(94,84000,1,50,10,'TUỔI TRẺ SỐNG AN NHIÊN NHƯNG ĐỪNG AN PHẬN',84000),(95,45000,3,51,3,'CÁNH BƯỚM KHUYẾT',135000);
/*!40000 ALTER TABLE `order_detail` ENABLE KEYS */;
UNLOCK TABLES;

--
-- Table structure for table `product`
--

DROP TABLE IF EXISTS `product`;
/*!40101 SET @saved_cs_client     = @@character_set_client */;
/*!50503 SET character_set_client = utf8mb4 */;
CREATE TABLE `product` (
  `product_id` int NOT NULL AUTO_INCREMENT,
  `product_name` char(255) DEFAULT NULL,
  `original_prices` int DEFAULT NULL,
  `sale_prices` int DEFAULT NULL,
  `product_details` text,
  `brief_infor` text,
  `status` bit(1) DEFAULT NULL,
  `quantity` int DEFAULT NULL,
  `category_id` int DEFAULT NULL,
  `update_date` timestamp NOT NULL DEFAULT CURRENT_TIMESTAMP,
  `author` char(255) DEFAULT NULL,
  PRIMARY KEY (`product_id`),
  KEY `FK__Product__categor__440B1D61` (`category_id`),
  CONSTRAINT `FK__Product__categor__440B1D61` FOREIGN KEY (`category_id`) REFERENCES `category` (`category_id`)
) ENGINE=InnoDB AUTO_INCREMENT=38 DEFAULT CHARSET=utf8mb4 COLLATE=utf8mb4_0900_ai_ci;
/*!40101 SET character_set_client = @saved_cs_client */;

--
-- Dumping data for table `product`
--

LOCK TABLES `product` WRITE;
/*!40000 ALTER TABLE `product` DISABLE KEYS */;
INSERT INTO `product` VALUES (1,'ĐỪNG HẸN NGÀY MAI',110000,93500,'',' Hoàn tất vào năm tác giả 22 tuổi, cuốn tiểu thuyết về mối tình thầy-trò này quay cuồng giữa ngăn cấm và khát khao, vượt rào và chuẩn mực. Nhiều khi chống đối, cũng lắm khi nuông chiều… Tất cả chỉ để khám phá hình hài tột cùng của tình yêu, để định vị được “yêu” trong dòng đời đằng đẵng.',_binary '',49,1,'2023-05-20 17:00:00','Shimamoto Rio'),(2,'5 CENTIMET TRÊN GIÂY',60000,48000,'','5cm/s không chỉ là vận tốc của những cánh anh đào rơi, mà còn là vận tốc khi chúng ta lặng lẽ bước qua đời nhau, đánh mất bao cảm xúc thiết tha nhất của tình yêu. Bằng giọng văn tinh tế, truyền cảm, Năm centimet trên giây mang đến những khắc họa mới về tâm hồn và khả năng tồn tại của cảm xúc, bắt đầu từ tình yêu trong sáng, ngọt ngào của một cô bé và cậu bé. Ba giai đoạn, ba mảnh ghép, ba ngôi kể chuyện khác nhau nhưng đều xoay quanh nhân vật nam chính, người luôn bị ám ảnh bởi kí ức và những điều đã qua… ',_binary '',49,1,'2023-05-21 17:00:00','Shinkai Makoto'),(3,'CÁNH BƯỚM KHUYẾT',50000,45000,'','Cánh bướm khuyết là cuốn tiểu thuyết gồm 5 câu chuyện vô cùng thú vị, hé lộ về cuộc sống của các Trụ cột - Dàn nhân vật nhận được sự quan tâm lớn từ độc giả! Ngoài ra với những ai vốn yêu thích Học viện Diệt Quỷ, tập sách này sẽ tiếp tục mang đến cho các bạn những khoảnh khắc vô cùng hài hước và khó quên.',_binary '',46,1,'2023-05-22 17:00:00','Koyoharu Gotouge'),(4,'TẠM BIỆT PHÁO HOA',51000,60000,'','Đây là câu chuyện về tình bạn, tình yêu tuổi mới lớn được khắc họa vô cùng tinh tế và sinh động. Tác phẩm được cải biên để phù hợp với bản phim hoạt hình, và khôi phục những phân đoạn bị lược bỏ trên phim. Sau 24 năm, câu chuyện này đã hồi sinh bộ phim truyền hình “Pháo hoa, ngắm từ dưới hay bên cạnh?”. Đây có thể coi là Chuyến tàu đêm trên dải Ngân hà phiên bản Shunji Iwai',_binary '',48,1,'2023-05-23 17:00:00','Shunji Iwai'),(5,'MIRAI ĐẾN TỪ TƯƠNG LAI',85000,72000,'','Thông qua sự tiếp xúc giữa Kun và Mirai, giữa Kun và thế giới kì vĩ được họa hình qua khoảnh vườn xinh xẻo trong nhà, MIRAI ĐẾN TỪ TƯƠNG LAI cho thấy tình cảm thật ra không biến mất, mà chỉ chuyển từ dạng thức này sang dạng thức khác, hoặc mượn lời của chính Hosoda, “tình yêu đã chọn hình thức khác để tồn tại”.',_binary '',50,1,'2023-05-24 17:00:00','Mamoru Hosoda'),(6,'GỬI NGƯỜI TỪNG SỐNG TRONG MÙA HÈ NĂM ẤY',90000,75000,'','Đây là câu chuyện về chuyến đi ngược dòng quá khứ, tìm lại những ký ức xưa cũ đầy hoài niệm của cô nữ sinh trung học Chizuru, một nạn nhân của bạo lực học đường, trong đầu luôn thường trực suy nghĩ “muốn chết”. Niềm an ủi duy nhất của Chiruzu là bà ngoại, người luôn sẵn lòng lắng nghe, thấu hiểu và chiều chuộng cô hết mực. Thế nhưng bỗng một ngày, bà của cô đột ngột phải nhập viện trong tình trạng nguy kịch. Trong những ngày cuối cùng của bà ở bệnh viện, Chizuru có một cuộc gặp gỡ bất ngờ với hồn ma của một cậu bé trạc tuổi mình tên là Yukio. ',_binary '',50,1,'2023-05-26 17:00:00','Yuuri Mizuno'),(7,'NHỮNG ĐỨA CON CỦA SÓI',70000,60000,'','Ame và Yuki - những đứa con của sói, là lăng kính về khó khăn của cha mẹ trong suốt quá trình sinh thành dưỡng dục cho đến khi gạt nước mắt thấu hiểu nhìn chúng lựa chọn đường đời của mình. Bởi thế, cũng là tụng ca đầy chất nhân văn về công lao và tấm lòng cha mẹ.',_binary '',49,1,'2023-05-25 17:00:00','Hosoda Mamoru'),(8,'HÀNH TRÌNH ĐẾN TẬN CÙNG CỦA THẾ GIỚI',95000,80000,'','Từ việc lội sông, phóng xe 60 km/h bằng một tay, đèo thêm một tá hành lý và một người bệnh đang bất tỉnh, đến lắp máy bay, hay đêm hôm rủ con gái lạ đi tập xe bên bở biển, và nhất là vừa bịt mắt vừa đun nước tắm cho bạn cùng lớp…',_binary '',49,1,'2023-05-27 17:00:00','Yorozuya Tadahito'),(9,'KHÉO ĂN NÓI',130000,88000,'','Trong xã hội thông tin hiện đại, sự im lặng không còn là vàng nữa, nếu không biết cách giao tiếp thì dù là vàng cũng sẽ bị chôn vùi. Trong cuộc đời một con người, từ xin việc đến thăng tiến, từ tình yêu đến hôn nhân, từ tiếp thị cho đến đàm phán, từ xã giao đến làm việc… không thể không cần đến kĩ năng và khả năng giao tiếp. Khéo ăn khéo nói thì đi đâu, làm gì cũng gặp thuận lợi. Không khéo ăn nói, bốn bề đều là trở ngại khó khăn.',_binary '',49,2,'2023-05-25 17:00:00','Trác Nhã'),(10,'TUỔI TRẺ SỐNG AN NHIÊN NHƯNG ĐỪNG AN PHẬN',99000,84000,'','Để phá vỡ tình trạng đình trệ, thôi thúc các cá nhân khai phá tiềm năng của bản thân và nắm lấy những cơ hội vươn tới thành công đích thực và ý nghĩa, cuốn sách “Tuổi trẻ - Sống an nhiên nhưng đừng an phận” của Sten Morgan đã cung cấp một hướng đi rõ ràng và có tính ứng dụng cao cho mọi người đọc.',_binary '',47,2,'2023-05-25 17:00:00','Sten Morgan'),(11,'VÌ ƯỚC MƠ ĐỪNG NGẠI DỐC CẠN TÂM SỨC',162000,137000,'','Cuốn sách này dành cho bạn những người đang lưng chừng 20+, lơ lửng giữa việc nên an yên sống qua ngày hay dốc cạn tâm sức để được là chính mình. Những trang sách rất “đời” về ước mơ, chinh phục mục tiêu, tình yêu, gia đình…. đó là những khúc quanh bạn phải cua. Nhưng cua có lụa hay không tùy thuốc vào trải nghiệm của bạn.',_binary '',50,2,'2023-05-25 17:00:00','Mễ Lạp'),(12,'PHÉP TẮC LOÀI SÓI',90000,76500,'','Loài sói đã có mặt trên Trái Đất hơn một triệu năm. Trước khi con người phát triển mạnh mẽ, trong số các loài động vật, sói là loài có phân bố rộng rãi nhất. Nhìn vào \"người bạn già\" đã ở bên mình hàng triệu năm này, chúng ta không kìm được mà suy nghĩ : Tại sao chúng ta thường xuyên vì lợi ích mà đấu đa lẫn nhau, còn cả đàn sói thì luôn đoàn kết một lòng để đảm bảo cho sự phát triển của cả đàn?',_binary '',49,2,'2023-05-25 17:00:00','Trương Tân Quốc'),(13,'MỌI CHUYỆN TRÊN ĐỜI ĐỀU CÓ NGUYÊN DO',109000,92500,'','Thẳng thắn và hài hước, u ám và dí dỏm, Kate Bowler kéo người đọc vào sâu trong cuộc đời cô bằng những câu chuyện đầy màu sắc, với những bạn bè vui tươi, những nhà thuyết giáo, người thân và bác sĩ. Mọi thứ đều có nguyên do là câu chuyện đời của cô, đưa ra những suy ngẫm của cô về cái chết và cách mà nó đã dạy cô sống.',_binary '',49,2,'2023-05-25 17:00:00','Kate Bowler'),(14,'ĐƯỢC HỌC',182000,163500,'','Được học, được giáo dục là niềm vui, niềm hạnh phúc, với một số người đó còn là cứu rỗi. Như Tara. Dẫu giá phải trả cực kỳ đắt đỏ, dai dẳng, thấu xương. Nhưng cô đã chọn để được tự do, để trở nên tốt đẹp hơn, dù bao đơn độc.',_binary '',50,2,'2023-05-25 17:00:00','Tara Westover'),(15,'CHIẾN LƯỢC VÀ SÁNG TẠO',80000,68000,'','Sáng tạo trong doanh nghiệp cần được vén bức màn bí mật. Đó không phải là tài năng thiên phú, cũng không phải là tài năng đặc biệt. Sáng tạo trước hết là sự tập trung cao độ, đưa ra các câu hỏi, và là một trò chơi với các quy luật. Nằm giữa hai thái cực có thể và không thể, sáng tạo mở ra những chiều không gian cho phép tưởng tượng ra các cơ hội phi thường. Trước hết, sáng tạo là một công việc, và lạ thay là một thói quen. Thói quen này được nuôi dưỡng bởi tính tò mò, trí tưởng tượng và sự táo bạo',_binary '',50,2,'2023-05-25 17:00:00','Mark Raison'),(16,'KHÔNG NHỤT CHÍ, KHÔNG THAN THỞ',289000,245000,'','Kết hợp giữa kinh nghiệm tư vấn thực tế, các nghiên cứu lâu năm về tài chính và quan điểm sâu sắc mang tính thương hiệu cá nhân, Suze sẽ đưa ra hướng dẫn chi tiết, giúp bạn: Tìm ra dũng khí để chịu đựng những khó khăn về tài chính và vượt qua cảm giác xấu hổ, sợ hãi hoặc tức giận về tiền bạc. Giữ cho tiền của bạn được an toàn trong một nền kinh tế dễ dàng xảy ra khủng hoảng. Sử dụng ngôn ngữ của sự giàu có thay vì ngôn ngữ của sự nghèo khó.',_binary '',49,2,'2023-05-29 17:00:00','Suze Orman'),(17,'BLUELOCK',35000,31500,'','Sau khi vượt qua vòng tuyển chọn thứ 2, Isagi và các thành viên đội Z lần lượt mở cánh cửa tiến vào vòng tuyển chọn thứ 2, nơi họ sẽ tự mình đương đầu với thử thách! Thứ nghênh đón họ chính là hệ thống thủ môn tối tân bậc nhất, BLUELOCK MAN. Khóa huấn luyện đó là gì!? Nội dung chi tiết của vòng tuyển chọn thứ 2 sẽ sớm được hé lộ! Cuộc chạm trán với những tiền đạo không quen biết và những trận đấu mới với luật lệ bất ngờ đang chờ đợi Isagi!!',_binary '',50,3,'2023-05-30 17:00:00','Muneyuki Kaneshiro'),(18,'FIRE FORCE',43000,38500,'','Truyện lấy bối cảnh thế giới khi con người đối mặt với hiện tượng “nhân thể bộc hỏa”, tức con người tự bốc cháy. Câu chuyện nói về những con người có năng lực và quyết tâm kết hợp với nhau lập thành các Biệt đội cứu hỏa để bảo vệ con người trước “Diệm nhân”. Shinra Kusakabe là một chàng trai trẻ bị gắn biệt danh là “Dấu chân ác quỷ”, vì chân của cậu ấy có thể bốc cháy theo ý muốn. Sau khi cậu gia nhập Biệt đội cứu hỏa số 8, cậu đã cùng những đồng đội trong đội ngũ chiến đấu chống lại các Diệm nhân và theo đuổi lý tưởng anh hùng của mình.',_binary '',50,3,'2023-05-31 17:00:00','Atsushi Ohkubo'),(19,'BẠCH TUYẾT TÓC ĐỞ',30000,27000,'','Nơi đây là vương quốc Clarines. Shirayuki với mái tóc đỏ bẩm sinh đã vượt qua kì thi dược sư hoàng gia. Cùng những cuộc gặp gỡ mới, sợi dây liên kết giữa Shirayuki và hoàng tử Zen cũng thêm bền chặt. Một ngày nọ, ở pháo đài Laxdo do Zen quản lí, các binh sĩ bỗng lần lượt mắc phải bệnh lạ!? Tập 2 của bộ truyện lãng mạn đang rất được mong chờ đã phát hành!!',_binary '',49,3,'2023-06-01 17:00:00','Sorata Akiduki'),(20,'VĂN PHÒNG THÁM TỬ QUÁI VẬT',30000,27000,'','Ở một vùng quê yên tĩnh nọ bỗng xảy ra sự kiện gia súc chết hàng loạt rất quái lạ. Dân làng thuê vị thám tử tâm linh Inugami từ Tokyo về để điều tra vụ việc. Trong quá trình điều tra, Inugami gặp một cậu bé bị dân làng gọi bằng cái tên “Dorotabo”. Cậu bé giúp Inugami tìm ra sự thật, và để đáp lại, Inugami tiết lộ cho cậu biết cậu không phải con người, mà là một bán yêu. Từ đây, bánh xe vận mệnh của cậu bắt đầu lăn bánh, và những bí ẩn về thân thế của cậu bé dần được hé lộ',_binary '',50,3,'2023-06-01 17:00:00','Sho Aimoto'),(21,'KOMI - NỮ THẦN SỢ GIAO TIẾP',25000,22500,'','Trong chuyến du lịch ngoại khóa năm lớp 11, lần đầu tiên người đẹp sợ giao tiếp Komi được ra nước ngoài. Cô nàng căng thẳng khi phải giao tiếp bằng tiếng Anh, gặp khó khăn khi gọi món, và tái ngộ với người bạn đã chuyển tới sống ở Mĩ - bé Rei. Cảm xúc lần đầu trải nghiệm, quan hệ với những người bạn cũ mở rộng nơi đất khách quê người. Ngoài ra trong tập này, chúng ta còn được thưởng thức câu chuyện năm mới tại nhà Komi, nhà Tadano và cuộc chiến chống lại sự phát phì năm mới.',_binary '',50,3,'2023-06-01 17:00:00','Tomohito Oda'),(22,'POKEMON TẬP ĐẶC BIỆT',25000,22500,'','Nhà vô địch VS. Ông trùm! Shirona đã có một trận quyết đấu sống còn với Akagi! Liệu cô có ngăn được ý định tới “Thương Trụ” để tổ chức “nghi lễ” của người đàn ông này hay không!? Hướng tới nơi hai Pokémon huyền thoại Dialga và Palkia thức dậy trong cơn giận dữ ...! Hãy nhanh lên, Pearl! Daiya!',_binary '',49,3,'2023-06-02 17:00:00','Hidenori Kusaka'),(23,'Hồ Sơ One Piece - Yellow Grand Elements',55000,50000,'','Những sự thật bạn chưa biết sẽ được hé lộ tức thì trong cuốn \"Hồ sơ vàng chóe\" này! Phần \"Even log\" và \"Material\" sẽ công bố thông tin về toàn bộ các nhân vật kiệt xuất ở Grand Line và những hiện tượng trên thế giới! Ngoài ra tập hồ sơ còn đính kèm 6 truyện ngắn cực kì vui nhộn với chủ đề \"Gánh hát Mũ Rơm\"!! Thế giới trong ONE PIECE sẽ càng trở nên thú vị...!! Tóm lại bạn sẽ có trên tay tập tài liệu quý giá tựa kho báu lấp lánh ánh vàng lận!!',_binary '',50,3,'2023-06-02 17:00:00','Eiichiro Oda'),(24,'Shin - Cậu Bé Bút Chì',40000,36000,'','Những câu chuyện hài hước về chú bé Shinchan hiếu động.',_binary '',50,4,'2023-06-02 17:00:00','Yoshito Usui'),(25,'MUSIC BUSINESS',299000,254000,'','Nếu chúng ta cùng nhau viết một bài hát, và bạn chỉ viết phần lời bài hát và tôi chỉ viết phần âm nhạc, có phải mỗi người chúng ta đều sở hữu một phần âm nhạc và mỗi người chúng ta đều sở hữu một phần lời bài hát? Và rằng không ai trong chúng ta có thể chỉ sử dụng phần âm nhạc, hay phần lời bài hát mà không trả tiền cho người còn lại?',_binary '',49,4,'2023-06-03 17:00:00','Donald S Passman'),(26,'ĐẠI HIỆP HỒNG KÔNG',168000,142000,'','Châu Nhuận Phát - Đại hiệp Hồng Kông mang đến cho độc giả bức tranh đa dạng của văn hóa, xã hội, điện ảnh Hồng Kông từ những năm 1950 cho đến nay. Thông qua chặng đường điện ảnh và sự tương tác của Châu Nhuận Phát đến văn hóa - xã hội Hồng Kông và khu vực, chúng ta hiểu được vì sao Hồng Kông lại vươn mình trở thành một con rồng châu Á với những phát triển vượt trội về kinh tế, giáo dục; và vì sao người Hồng Kông, giới trẻ Hồng Kông lại là những công dân ưu tú và có ý thức về tương lai Hồng Kông',_binary '',50,4,'2023-06-03 17:00:00','Lin Feng'),(27,'BLACKPINK.',88000,74000,'','hát phá vỡ nhiều kỷ lục, những bước nhảy tạo nên xu hướng và các chiến tích thời trang của nhóm, cũng như tán dương cá tính của các cô gái nhé. Cuốn sách BLACKPINK .Hãy mơ lớn khi còn có thể gồm:  Các sự thật thú vị , Những bí mật cảm động , Các câu trích dẫn tuyệt vời , Những bức ảnh lung linh',_binary '',49,4,'2023-06-03 17:00:00','Helen Brown'),(28,'CÚ NGOẶT BÓNG CỦA TÔI',145000,123000,'','ảnh hưởng và di sản to lớn nhất của Cruyff không nằm ở những chiếc cúp và danh hiệu mà ông từng giành được, mà nằm ở phong cách thi đấu bóng đá mà ông thể hiện và sau đó áp dụng cho các đội bóng dưới quyền huấn luyện của ông: FC Barcelona và Ajax Amsterdam. Tầm nhìn của ông về Bóng đá Tổng lực đã làm thay đổi hoàn toàn cách chơi bóng đá trên toàn thế giới, và sự linh hoạt đến chóng mặt của lối chơi này đã trở thành bí quyết thành công của những đội bóng được yêu thích nhất. Cruyff là một tài năng vĩ đại của thế giới bóng đá, cả trong lẫn ngoài sân cỏ',_binary '',50,4,'2023-06-04 17:00:00','Johan Cruyff'),(29,'THẾ GIỚI NHỮNG NGÀY QUA',350000,297000,'','Trong bối cảnh cuộc đại chiến ở châu Âu và nhiều nơi trên thế giới chưa biết khi nào kết thúc, Zweig càng ngày càng rơi vào trạng thái u uất, tuyệt vọng về tương lai của loài người cũng như sự hủy diệt của những nền văn hóa. Ngay sau khi hoàn thành cuốn hồi ký \"Thế giới những ngày qua\" và gửi bản thảo cho nhà xuất bản, hai vợ chồng Stefan Zweig tự sát tại nhà riêng ngày 22.2.1942.',_binary '',50,4,'2023-06-04 17:00:00','Stefan Zweig'),(30,'BẬT KHÁC Ở H MART',140000,119000,'','Trong những cuốn sách viết về văn hóa Hàn, “Bật khóc ở H Mart” nổi bật lên với cách viết gần gũi, chuyển tải những nét đặc trưng của nền văn hóa đầy sắc màu đến bạn đọc. Michelle Zauner không đi vào những điều lớn lao, cô cũng không diễn giải quá nhiều về những món ăn Hàn, cô chỉ đơn thuần viết ra những câu chuyện chân thực mà tràn đầy cảm xúc trong cuộc đời mình.',_binary '',50,4,'2023-06-04 17:00:00','Michelle Zauner'),(31,'ĐẾ CHẾ SM',149000,126000,'','SM cũng là công ty quản lý của các  nhóm nhạc, ca sĩ hàng đầu của làng giải trí Hàn Quốc, những người đi đầu cho làn sóng Hallyu như H.O.T, BoA, DBSK, Super Junior, SNSD, SHINee, EXO,… Hy vọng độc giả sau khi đọc cuốn sách này có thể hiểu, đánh giá các giá trị của Lee Soo Man từ góc độ khách quan và hơn hết là hiểu hơn về các nghệ sĩ trực thuộc SM.”',_binary '',50,4,'2023-06-04 17:00:00','Kim Dong Hwan'),(32,'STAN LEE',129000,109000,'','Rất nhiều sự thật về các siêu anh hùng cũng như câu chuyện thành công phía sau Marvel được hé mở - bạn sẽ là một những người đầu tiên được biết tới. Không chỉ vậy, bạn cũng sẽ được truyền cảm hứng tuyệt đối - về sự sáng tạo, sự đam mê tận cùng cho sự nghiệp và cách sống từ người \"cha già\" – mang tên Stan Lee.',_binary '',50,4,'2023-06-04 17:00:00','Bob Batchelor');
/*!40000 ALTER TABLE `product` ENABLE KEYS */;
UNLOCK TABLES;

--
-- Table structure for table `products_images`
--

DROP TABLE IF EXISTS `products_images`;
/*!40101 SET @saved_cs_client     = @@character_set_client */;
/*!50503 SET character_set_client = utf8mb4 */;
CREATE TABLE `products_images` (
  `products_images_id` int NOT NULL AUTO_INCREMENT,
  `product_id` int DEFAULT NULL,
  `images` text,
  PRIMARY KEY (`products_images_id`),
  KEY `FK__Products___produ__46E78A0C` (`product_id`),
  CONSTRAINT `FK__Products___produ__46E78A0C` FOREIGN KEY (`product_id`) REFERENCES `product` (`product_id`)
) ENGINE=InnoDB AUTO_INCREMENT=38 DEFAULT CHARSET=utf8mb4 COLLATE=utf8mb4_0900_ai_ci;
/*!40101 SET character_set_client = @saved_cs_client */;

--
-- Dumping data for table `products_images`
--

LOCK TABLES `products_images` WRITE;
/*!40000 ALTER TABLE `products_images` DISABLE KEYS */;
INSERT INTO `products_images` VALUES (1,1,'images/product/1.png'),(2,2,'images/product/2.png'),(3,3,'images/product/3.png'),(4,4,'images/product/4.png'),(5,5,'images/product/5.png'),(6,6,'images/product/6.png'),(7,7,'images/product/7.png'),(8,8,'images/product/8.png'),(9,9,'images/product/9.png'),(10,10,'images/product/10.png'),(11,11,'images/product/11.png'),(12,12,'images/product/12.png'),(13,13,'images/product/13.png'),(14,14,'images/product/14.png'),(15,15,'images/product/15.png'),(16,16,'images/product/16.png'),(17,17,'images/product/17.png'),(18,18,'images/product/18.png'),(19,19,'images/product/19.png'),(20,20,'images/product/20.png'),(21,21,'images/product/21.png'),(22,22,'images/product/22.png'),(23,23,'images/product/23.png'),(24,24,'images/product/24.png'),(25,25,'images/product/25.png'),(26,26,'images/product/26.png'),(27,27,'images/product/27.png'),(28,28,'images/product/28.png'),(29,29,'images/product/29.png'),(30,30,'images/product/30.png'),(31,31,'images/product/31.png'),(32,32,'images/product/32.png');
/*!40000 ALTER TABLE `products_images` ENABLE KEYS */;
UNLOCK TABLES;

--
-- Table structure for table `role`
--

DROP TABLE IF EXISTS `role`;
/*!40101 SET @saved_cs_client     = @@character_set_client */;
/*!50503 SET character_set_client = utf8mb4 */;
CREATE TABLE `role` (
  `role_id` int NOT NULL AUTO_INCREMENT,
  `role_name` char(50) NOT NULL,
  `status` bit(1) DEFAULT NULL,
  PRIMARY KEY (`role_id`)
) ENGINE=InnoDB AUTO_INCREMENT=6 DEFAULT CHARSET=utf8mb4 COLLATE=utf8mb4_0900_ai_ci;
/*!40101 SET character_set_client = @saved_cs_client */;

--
-- Dumping data for table `role`
--

LOCK TABLES `role` WRITE;
/*!40000 ALTER TABLE `role` DISABLE KEYS */;
INSERT INTO `role` VALUES (1,'customer',_binary ''),(2,'marketing',_binary ''),(3,'sale',_binary ''),(4,'sale manager',_binary ''),(5,'admin',_binary '');
/*!40000 ALTER TABLE `role` ENABLE KEYS */;
UNLOCK TABLES;

--
-- Table structure for table `setting`
--

DROP TABLE IF EXISTS `setting`;
/*!40101 SET @saved_cs_client     = @@character_set_client */;
/*!50503 SET character_set_client = utf8mb4 */;
CREATE TABLE `setting` (
  `setting_id` int NOT NULL AUTO_INCREMENT,
  `type` int DEFAULT NULL,
  `order` int DEFAULT NULL,
  `value` char(50) DEFAULT NULL,
  `description` char(50) DEFAULT NULL,
  `status` bit(1) DEFAULT NULL,
  PRIMARY KEY (`setting_id`),
  KEY `type` (`type`),
  CONSTRAINT `setting_ibfk_1` FOREIGN KEY (`type`) REFERENCES `setting_type` (`setting_type_id`)
) ENGINE=InnoDB AUTO_INCREMENT=5 DEFAULT CHARSET=utf8mb4 COLLATE=utf8mb4_0900_ai_ci;
/*!40101 SET character_set_client = @saved_cs_client */;

--
-- Dumping data for table `setting`
--

LOCK TABLES `setting` WRITE;
/*!40000 ALTER TABLE `setting` DISABLE KEYS */;
INSERT INTO `setting` VALUES (1,1,1,'Kĩ năng sống',NULL,_binary ''),(2,1,2,'Nghệ thuật - Giải trí',NULL,_binary ''),(3,1,3,'Light-Novel',NULL,_binary ''),(4,1,4,'Manga-Comic',NULL,_binary '');
/*!40000 ALTER TABLE `setting` ENABLE KEYS */;
UNLOCK TABLES;

--
-- Table structure for table `setting_type`
--

DROP TABLE IF EXISTS `setting_type`;
/*!40101 SET @saved_cs_client     = @@character_set_client */;
/*!50503 SET character_set_client = utf8mb4 */;
CREATE TABLE `setting_type` (
  `setting_type_id` int NOT NULL AUTO_INCREMENT,
  `setting_type_name` char(50) DEFAULT NULL,
  PRIMARY KEY (`setting_type_id`)
) ENGINE=InnoDB AUTO_INCREMENT=5 DEFAULT CHARSET=utf8mb4 COLLATE=utf8mb4_0900_ai_ci;
/*!40101 SET character_set_client = @saved_cs_client */;

--
-- Dumping data for table `setting_type`
--

LOCK TABLES `setting_type` WRITE;
/*!40000 ALTER TABLE `setting_type` DISABLE KEYS */;
INSERT INTO `setting_type` VALUES (1,'Danh mục sản phẩm'),(2,'Danh mục bài viết'),(3,'Trạng thái đơn hàng'),(4,'Vai trò');
/*!40000 ALTER TABLE `setting_type` ENABLE KEYS */;
UNLOCK TABLES;

--
-- Table structure for table `slider`
--

DROP TABLE IF EXISTS `slider`;
/*!40101 SET @saved_cs_client     = @@character_set_client */;
/*!50503 SET character_set_client = utf8mb4 */;
CREATE TABLE `slider` (
  `slider_id` int NOT NULL AUTO_INCREMENT,
  `slider_title` char(50) DEFAULT NULL,
  `slider_image` text,
  `backlink` text,
  `note` char(255) DEFAULT NULL,
  `status` bit(1) DEFAULT NULL,
  `updated_by` int DEFAULT NULL,
  PRIMARY KEY (`slider_id`),
  KEY `updated_by` (`updated_by`),
  CONSTRAINT `slider_ibfk_1` FOREIGN KEY (`updated_by`) REFERENCES `user` (`userId`)
) ENGINE=InnoDB AUTO_INCREMENT=6 DEFAULT CHARSET=utf8mb4 COLLATE=utf8mb4_0900_ai_ci;
/*!40101 SET character_set_client = @saved_cs_client */;

--
-- Dumping data for table `slider`
--

LOCK TABLES `slider` WRITE;
/*!40000 ALTER TABLE `slider` DISABLE KEYS */;
INSERT INTO `slider` VALUES (1,'Tiểu thuyết truyện dài','images/slider/1.png','http://localhost:9999/BooksShoppingOnline/list-detail?productId=1&categoryId=1',NULL,_binary '',NULL),(2,'Kĩ năng cuộc sống','images/slider/2.png','http://localhost:9999/BooksShoppingOnline/list-detail?productId=9&categoryId=2',NULL,_binary '',NULL),(3,'Manga - Comic','images/slider/3.png','http://localhost:9999/BooksShoppingOnline/list-detail?productId=20&categoryId=3',NULL,_binary '',NULL),(4,'Nghệ thuật giải trí','images/slider/4.png','http://localhost:9999/BooksShoppingOnline/list-detail?productId=28&categoryId=4',NULL,_binary '',NULL);
/*!40000 ALTER TABLE `slider` ENABLE KEYS */;
UNLOCK TABLES;

--
-- Table structure for table `status_order`
--

DROP TABLE IF EXISTS `status_order`;
/*!40101 SET @saved_cs_client     = @@character_set_client */;
/*!50503 SET character_set_client = utf8mb4 */;
CREATE TABLE `status_order` (
  `status_order_id` int NOT NULL AUTO_INCREMENT,
  `status_name` char(50) DEFAULT NULL,
  `status` bit(1) DEFAULT NULL,
  PRIMARY KEY (`status_order_id`)
) ENGINE=InnoDB AUTO_INCREMENT=6 DEFAULT CHARSET=utf8mb4 COLLATE=utf8mb4_0900_ai_ci;
/*!40101 SET character_set_client = @saved_cs_client */;

--
-- Dumping data for table `status_order`
--

LOCK TABLES `status_order` WRITE;
/*!40000 ALTER TABLE `status_order` DISABLE KEYS */;
INSERT INTO `status_order` VALUES (1,'Chờ xác nhận',NULL),(2,'Xác nhận',NULL),(3,'Đã thanh toán và chờ xác nhận',NULL),(4,'Thành công',NULL),(5,'Đã hủy',NULL);
/*!40000 ALTER TABLE `status_order` ENABLE KEYS */;
UNLOCK TABLES;

--
-- Table structure for table `update_customer`
--

DROP TABLE IF EXISTS `update_customer`;
/*!40101 SET @saved_cs_client     = @@character_set_client */;
/*!50503 SET character_set_client = utf8mb4 */;
CREATE TABLE `update_customer` (
  `updateCustomer_id` int NOT NULL AUTO_INCREMENT,
  `customer_id` int DEFAULT NULL,
  `email` char(50) DEFAULT NULL,
  `fullName` char(50) DEFAULT NULL,
  `mobile` char(50) DEFAULT NULL,
  `update_date` timestamp NOT NULL DEFAULT CURRENT_TIMESTAMP,
  `update_by` int DEFAULT NULL,
  PRIMARY KEY (`updateCustomer_id`),
  KEY `FK__Update_Cu__updat__5165187F` (`update_by`),
  CONSTRAINT `FK__Update_Cu__updat__5165187F` FOREIGN KEY (`update_by`) REFERENCES `user` (`userId`)
) ENGINE=InnoDB DEFAULT CHARSET=utf8mb4 COLLATE=utf8mb4_0900_ai_ci;
/*!40101 SET character_set_client = @saved_cs_client */;

--
-- Dumping data for table `update_customer`
--

LOCK TABLES `update_customer` WRITE;
/*!40000 ALTER TABLE `update_customer` DISABLE KEYS */;
/*!40000 ALTER TABLE `update_customer` ENABLE KEYS */;
UNLOCK TABLES;

--
-- Table structure for table `user`
--

DROP TABLE IF EXISTS `user`;
/*!40101 SET @saved_cs_client     = @@character_set_client */;
/*!50503 SET character_set_client = utf8mb4 */;
CREATE TABLE `user` (
  `userId` int NOT NULL AUTO_INCREMENT,
  `fullName` char(50) DEFAULT NULL,
  `password` char(50) DEFAULT NULL,
  `avatar` text,
  `gender` bit(1) DEFAULT NULL,
  `email` char(50) DEFAULT NULL,
  `mobile` char(50) DEFAULT NULL,
  `address` char(255) DEFAULT NULL,
  `status` bit(1) DEFAULT NULL,
  `role_id` int DEFAULT NULL,
  PRIMARY KEY (`userId`),
  KEY `role_id` (`role_id`),
  CONSTRAINT `user_ibfk_1` FOREIGN KEY (`role_id`) REFERENCES `role` (`role_id`)
) ENGINE=InnoDB AUTO_INCREMENT=18 DEFAULT CHARSET=utf8mb4 COLLATE=utf8mb4_0900_ai_ci;
/*!40101 SET character_set_client = @saved_cs_client */;

--
-- Dumping data for table `user`
--

LOCK TABLES `user` WRITE;
/*!40000 ALTER TABLE `user` DISABLE KEYS */;
INSERT INTO `user` VALUES (1,'Hoàng Tuấn Kiệt','123456789','images/avatar/1.png',_binary '','kiet2@gmail.com','0123456781','ThaiBinh',_binary '',2),(2,'Trần Quang Diệu','123456789','images/avatar/1.png',_binary '','dieu2@gmail.com','0123456781','HaTinh',_binary '',2),(4,'Bùi Quốc Trưởng','123456789','images/avatar/1.png',_binary '','truong2@gmail.com','0123456781','NamDinh',_binary '',2),(5,'Đỗ Thế Tùng','123456789','images/avatar/1.png',_binary '\0','1tung3@gmail.com','0123456783','BinhDuong',_binary '',3),(6,'Đỗ Thế Tùng','123456789','images/avatar/1.png',_binary '','2tung3@gmail.com','0122445674','BinhDuong',_binary '',3),(8,'Đỗ Thế Tùng','123456789','images/avatar/1.png',_binary '\0','tung5@gmail.com','0123456787','BinhDuong',_binary '',5),(9,'Đỗ Thế Tùng','123456789','images/avatar/1.png',_binary '','tung7reus@gmail.com','0123456788','BinhDuong',_binary '',1),(10,'Đỗ Thế Tùng','123456789','images/avatar/1.png',_binary '','3tung3@gmail.com','0123456784','BinhDuong',_binary '',3),(11,'Đỗ Tùng Lâm','123456789','images/avatar/1.png',_binary '','lam1@gmail.com','0339805215','Hà Tĩnh',_binary '',1),(12,'Đỗ Thế Tùng','123456789','images/avatar/1.png',_binary '','tung4@gmail.com','0339805215','BinhDuong',_binary '',4),(13,'Hoàng Tuấn Kiệt','123456789','images/avatar/1.png',_binary '\0','kiet1@gmail.com','0123456788','ThaiBinh',_binary '',1),(14,'Trần Quang Diệu','123456789','images/avatar/1.png',_binary '','dieu1@gmail.com','123456789','HaTinh',_binary '',1),(15,'Bùi Quốc Trưởng','123456789','images/avatar/1.png',_binary '','truong1@gmail.com','1234567890','NamDinh',_binary '',1),(16,'Đỗ Tùng Lâm','123456789','images/avatar/1.png',_binary '','lam5@gmail.com','1234567890','HaNoi',_binary '',5);
/*!40000 ALTER TABLE `user` ENABLE KEYS */;
UNLOCK TABLES;
/*!40103 SET TIME_ZONE=@OLD_TIME_ZONE */;

/*!40101 SET SQL_MODE=@OLD_SQL_MODE */;
/*!40014 SET FOREIGN_KEY_CHECKS=@OLD_FOREIGN_KEY_CHECKS */;
/*!40014 SET UNIQUE_CHECKS=@OLD_UNIQUE_CHECKS */;
/*!40101 SET CHARACTER_SET_CLIENT=@OLD_CHARACTER_SET_CLIENT */;
/*!40101 SET CHARACTER_SET_RESULTS=@OLD_CHARACTER_SET_RESULTS */;
/*!40101 SET COLLATION_CONNECTION=@OLD_COLLATION_CONNECTION */;
/*!40111 SET SQL_NOTES=@OLD_SQL_NOTES */;

-- Dump completed on 2023-07-21 23:38:46
